person,room,high_school_GPA,college_GPA
0,351,-1.7154721220528963,-1.2853072627038502
1,738,-0.5301895218977027,-0.031832876881538796
2,247,-0.5895431860558055,-0.2032301448311094
3,751,-1.3031149503702246,0.9824883893950807
4,698,0.15667792804371583,-0.3716318628299811
5,148,0.5118361521425809,-0.07739710219301416
6,17,0.7428605491899243,-0.8052455863600838
7,232,0.5037780676802429,-0.03110086799571327
8,811,-0.05319003223526767,-0.25485312117149794
9,918,1.521921039232592,0.5505383806651312
10,789,0.4612645860466005,0.04738376055481902
11,214,-1.018231491680589,-1.6375793526970897
12,260,0.2992740608418762,-0.013820701458100992
13,889,0.5591295070605653,-0.29449034703722615
14,375,0.12187311465829334,-0.09993260987914208
15,778,1.5902941272974642,0.09433300352637645
16,674,0.4388000723335141,-0.37569918422179793
17,620,0.15318746529746544,-0.16007280736703633
18,514,1.7587702385416684,2.0561518634609914
19,668,-0.6357810271147023,-0.8779156841554382
20,253,-1.0697246595726448,-1.7890495432605913
21,390,0.1702501380753545,-0.26789964167678637
22,562,0.933848846555285,0.9413990706586217
23,53,-0.6367291486379498,0.469888040128556
24,845,-0.5148257194262587,-0.15059634764362417
25,23,0.9421643856985404,-1.2670652933053674
26,996,-1.422544025284647,-1.0293931718658158
27,625,-0.05471182539095143,-0.5117807592418449
28,556,0.23732501416744756,-0.7411190622708335
29,868,-1.2088356208727753,0.9885686993681191
30,197,0.6936658138515436,0.8704056146960307
31,311,-0.5469906259729809,0.970221182321426
32,919,-1.5046828665031582,-1.0720074081785178
33,826,-0.2733411778325891,-0.2678423197295569
34,605,1.1992747520836564,2.348388311766566
35,74,-0.21669085253832962,0.4266759795058136
36,150,-1.5668737725335795,0.13171586488038528
37,569,-0.4898835923481459,-0.5506080352241413
38,941,0.16962883810241036,0.2563085755675044
39,137,-0.5850657949049257,-1.105129717935081
40,555,-0.010157099979946002,-0.48509137366566396
41,623,-0.0679287585849986,-0.25373834384329086
42,690,-1.1842978537754771,-0.5669788271081191
43,330,0.6603477404676669,0.7343729275820374
44,365,0.17323228953500297,0.15468287273806008
45,912,-0.5775016013369987,-0.8481236680267306
46,789,0.49822036362708905,0.8135447140840668
47,367,-0.9063281647171123,-0.10622215212291587
48,965,0.2964943409600206,-0.6204165504983585
49,479,-0.7315344706027458,-0.5036002115974333
50,923,0.1112684166441675,-1.2064426914872384
51,48,1.2225963980640215,1.2379897890627916
52,771,1.8624177243781228,2.1397023231362473
53,568,-0.5273923941668629,0.608338391571317
54,538,1.5238758008510997,1.8924961452803606
55,333,-0.8880345233084775,0.630406832196492
56,186,-0.006577644490907953,0.011275862728199137
57,45,1.9911345170792027,2.5407910360130943
58,435,-0.18089970821747348,-0.3493392354232302
59,222,1.0195722619698355,1.3062248151107685
60,993,0.17052828848660806,-0.984888866470735
61,839,0.24452654542508895,1.6655465915162877
62,556,-1.305746735102729,-2.027229171657607
63,560,-0.10052098596526607,-0.8291709538317114
64,708,1.4481243091922045,0.14959094187178967
65,93,-0.4937911183083055,-0.17628955295946144
66,144,-0.8196850058154355,0.3601007070906076
67,970,1.3400002340193506,-0.6581092005881579
68,597,-1.3902471009277726,0.01801907670634198
69,101,-1.1955452909921331,-0.4553962050996284
70,270,0.18106261682490077,0.48910454158497907
71,392,-0.9040247402110984,-1.2182185085676023
72,980,0.29690752841281615,0.3888367513262606
73,271,0.7630438190435438,-0.172945767124097
74,720,-0.5976015858808855,-0.833354042238278
75,440,0.8253896517444043,-0.6642881754491865
76,82,0.2448364509397143,0.3623350997910191
77,552,-1.3307958701274256,0.41100327313446
78,681,-0.24219966007838453,-0.7396283532699359
79,630,1.0604991904795584,-1.6231800600900526
80,441,-0.24236319757628397,0.05113394417316077
81,430,-0.3659300151096338,0.0885160011996797
82,779,0.8762506681230289,1.4045199643582216
83,753,0.523013730696827,0.8294009451031349
84,380,0.09786495575833555,0.4950367466642774
85,494,0.32274447113496985,0.7175622985979223
86,805,1.4652936373993,-0.5561619415443928
87,304,0.9072167626932922,1.413462715553881
88,343,0.40548570210673407,0.8129124996821993
89,459,-1.5594926830284557,-0.973477494817202
90,724,0.8619983188033155,-0.5747724161917379
91,70,-0.436180208552001,-1.2930222107942153
92,296,1.216235206081544,0.383431073436661
93,395,1.2094204284396413,-1.4269243026187999
94,743,0.2783953590147492,0.7030462920856199
95,645,-0.5638740738062561,-0.7466175903120916
96,253,-0.3055517000011827,-0.24282653963069606
97,223,-0.14235336887708042,0.14452377938553168
98,565,0.49028682304372184,0.5250136616326082
99,244,-0.09643592443170737,-0.10487441594623442
100,871,-0.5903928825708562,-0.08843172133354155
101,210,-1.653864860934029,0.15981080521934754
102,267,-0.6145417873566816,-1.2043504136083496
103,643,1.3847245503882968,1.496555705297696
104,891,1.6211252188887861,1.3992109588719122
105,639,1.0323469007449217,-0.534109045272381
106,413,-0.08694628274039003,0.8853528774255672
107,302,0.29430911086649464,-0.2735967324678642
108,232,-0.31647351373452387,0.5586490240408616
109,599,-0.5835655984823659,0.3226829228147964
110,380,0.577244074729685,0.40976047434954965
111,547,0.816110578486495,0.8420861301420453
112,347,0.24310353785229327,-0.20006453787066053
113,404,0.8534108151389959,-0.1575263928285985
114,411,0.7598930633917694,0.018069348744100378
115,808,-0.09427995297843851,0.5591879724299433
116,424,0.43640434996136607,0.023367798580123673
117,457,-1.7348947101510457,-4.010219488307509
118,152,-0.7243282601715288,-0.8169254208931612
119,191,0.9717436375001909,0.1418432748116043
120,202,-0.234467240223388,-0.8459446817126013
121,32,-1.4015533449741544,-2.5666928248370646
122,257,0.9549232262714283,-0.7379033670387838
123,165,-0.717308556306649,-0.5936626536903711
124,801,1.818201137400569,-0.41982979152703104
125,704,0.0979400538616901,-0.2821144321772876
126,290,0.3597064611841885,-1.0113213952957423
127,956,-0.16008658097039022,-1.2948729220207016
128,743,1.5144361208752855,2.051647694020944
129,244,-2.3165978630904602,-5.361713123905035
130,679,-1.777308125628589,-0.08198556586526135
131,214,-2.3470367561576544,-1.9728969422212779
132,827,-1.6430901273398693,-2.471604372464116
133,476,-2.2856439469293415,-0.8217865608140431
134,453,0.31680170761199583,-0.5310714503044796
135,399,-0.012422588970912715,0.19009622439813278
136,736,-0.20830820065191438,-0.9673714143444614
137,415,-1.1257773281261596,-2.0950514210955546
138,147,-1.0262910798935896,-0.005461426021863447
139,725,0.9671601540311984,0.32727890690986283
140,359,0.41403965025810185,-0.4287346359117158
141,964,-0.40239628431597707,0.021067506883053692
142,961,1.146881421691643,1.1538990682890822
143,193,-1.2814772621520314,0.1723922149621409
144,194,-0.4191638674419242,-0.34084070669545385
145,332,1.2763802177736132,2.6679772948265508
146,998,0.48278664038701163,0.7021327819656702
147,804,0.6834939210891867,-0.37008125712561707
148,282,0.7160539241160455,0.04262514957226732
149,218,-0.5235639691318097,-1.1848914349010404
150,397,-0.21579469157358694,-0.9724672754603291
151,527,-0.6552302234443251,-2.210415696847572
152,63,-1.7356771822994526,-0.7192705130846403
153,693,1.1818967020207456,1.992427500428841
154,697,1.3401363107966986,-0.3350343562277046
155,815,-0.436798095538808,-1.780012977949955
156,903,0.011416464390216478,0.45448238064593743
157,810,-0.13051770445946645,-1.249238095761885
158,86,-1.5438768025161849,-0.5307817080488266
159,831,-1.4501163177738523,-1.5684717722343022
160,316,0.36391128197939643,0.005424535350298514
161,159,0.9367122621117403,-0.3506669489451124
162,120,0.348085128212715,0.18934721003667976
163,869,-0.11416956675211262,-0.555251227790398
164,734,0.011307315072482315,0.1591454354182421
165,514,0.8159041266197884,1.1281140144017634
166,51,-0.5869148456617737,-0.27149232522953737
167,491,-0.24034550697891438,0.24098717452838195
168,815,-0.6752528925933234,-1.00625922081502
169,19,-1.846976148473254,-0.8328269011336453
170,976,0.5903786861809135,0.6864714154367837
171,541,-0.5466040939075967,-0.28568024873368514
172,406,0.6444928458213356,0.46480103539177103
173,192,-0.4038238247611794,-0.6185443341920227
174,989,0.23314947314239454,0.42522282942164935
175,616,0.12704528325823192,-0.22671195189426935
176,281,-0.45473321830267605,-0.48397780290217807
177,930,-0.8242145759111495,0.17870030696992448
178,348,-0.3337875713064573,-0.22416903923678272
179,437,-0.2141038274622052,-0.25533281203044467
180,555,0.948430113198996,1.3507234583263839
181,551,-1.2124298718793491,0.03339326775831125
182,820,-0.614352262421547,-0.790352461253055
183,723,2.0068242246279944,1.99211864873698
184,755,-0.7518501960846218,-0.6310780428420981
185,651,-1.3789908738277705,0.2181851724608846
186,158,1.5138353950134256,1.386521702509344
187,203,0.4837398182715759,0.10625764413649479
188,746,0.8508695425744374,0.7748527699517203
189,304,0.05814180266733957,-0.08654825351167789
190,960,1.5898583348210569,1.1662809130183458
191,740,-0.14442296755451564,0.08103136431611135
192,718,-0.9820871916180158,-1.7819162860427358
193,669,-3.0069485968633174,-1.2001353346372774
194,533,-0.03932445913212268,1.233018629102519
195,797,-1.8974384429631248,-2.7479615788851817
196,857,0.5860911100871533,0.10524650190137852
197,798,-1.222280105944723,-1.232122763528311
198,509,-0.12709451945814915,-0.7162958767505447
199,188,-2.202955160373484,-5.545895002747937
200,9,0.5191004652336287,0.8792977144470014
201,22,-2.231623515909149,-0.6201926641232751
202,876,-0.7873107080874137,-1.5595352938111087
203,46,-1.0064142819114283,-1.1663427151854535
204,864,0.33832793842907843,0.5488525962418762
205,841,0.868312723719212,-0.3592582864177528
206,626,-2.6812122545030492,-0.9981247289153693
207,530,2.3351333938213172,3.8568465940341015
208,634,-1.310853916623142,-0.6299201733312475
209,22,1.5068543153086027,2.3443656520172182
210,828,0.08289254071976074,1.1503930315077078
211,785,1.0458547741817896,0.09406097968538585
212,975,1.3147328846890876,2.466879366156828
213,60,-1.311735355413605,-1.255266865482405
214,660,-0.20768910610257663,-0.0030377878625561724
215,714,0.8387731981774975,1.8704782837504987
216,567,0.09485825033248106,0.03892434132767732
217,417,-0.8887544396241311,0.19750271148493095
218,412,0.4386603172784269,0.5244173174958516
219,922,0.46482996363089873,-0.27915240440284095
220,804,-0.6667400691556915,0.17536643595143847
221,969,1.4664265993607382,2.5686000073476194
222,358,-0.10656471559060063,0.45677937129317453
223,308,-0.7982497093340677,-0.8163722711976722
224,850,0.10455345940780368,-0.1763605690153038
225,621,-0.9057738746078764,-0.6360871823614368
226,75,-0.15582455024366165,0.13362922189536686
227,105,-0.9027466853650242,-0.8603363734398342
228,519,-1.0372135839225463,-0.02090576779800829
229,716,-2.328002109233117,-0.18590964506606913
230,916,-0.5912731496283284,-0.3432478014677288
231,239,-1.5097365741801396,-0.5238215933782102
232,299,0.002837882540577997,-0.27500953876632084
233,251,0.797738026895585,0.7014979918945325
234,783,1.0093304903611293,-0.29150571907463735
235,859,-1.3417695612788942,-0.2989502569411261
236,646,1.8384194774903921,1.0992931533522128
237,845,1.6658492195861272,3.1155020915866976
238,203,-0.9584591638008757,-0.671575509951281
239,331,0.7025780273679386,-0.586490233890402
240,737,-0.40279892737616996,0.6014549864297947
241,678,0.42163072091089043,1.4877487249212282
242,968,0.16639264428572115,0.7136868079346809
243,396,1.1783566674553767,1.8619790967766066
244,300,-1.0120750741863658,-0.5400809129819378
245,925,-0.13416086203031513,0.2850282834440554
246,859,-0.740796090298985,-0.7762022617609007
247,259,-0.6184508601494515,0.03645086441366213
248,766,-0.5507874041874321,0.02736236368937435
249,159,-1.277671625214293,-1.39545320900808
250,147,0.41366712198116246,0.3986237743120859
251,103,-0.35073035962116755,-0.5243433635667645
252,534,-1.2093024859235457,-0.2989088596422181
253,952,0.8587992306436782,1.1518776643675532
254,458,1.5910259409941547,2.747566333289542
255,582,-1.2997522509640644,-0.6419336428816301
256,239,0.35117507384286256,-0.5536576343612735
257,407,-0.5567073544802549,-0.030542899373735097
258,194,1.2780705313863134,0.2504282669807106
259,340,1.3705104198236115,-1.447010393551854
260,542,-0.7761437435340724,-0.9291289004238659
261,176,1.1176182214006907,2.4492653176858017
262,587,0.7694293784341598,-0.18725478398616735
263,973,0.4413049763093149,1.2513790384680292
264,660,1.7840960546291984,-0.1112574324626569
265,470,-1.1596375829008632,-0.23637368639220266
266,264,0.2531433049657994,0.00941064447762191
267,250,-0.3392681887420264,0.9986281409829463
268,780,-0.2566894167531204,-0.6558069867126795
269,228,-0.7356064279868428,-1.4064948040172682
270,846,0.22840917605021696,-0.31477015319354396
271,744,-0.9264616669702662,-0.6962667747594347
272,741,-1.8661989468548017,-1.3029307039142457
273,284,-1.9003212942819878,-0.728605174187455
274,838,-1.727054685259691,-1.910590621659989
275,459,-2.540378107018279,-3.4161462776676745
276,111,-1.723328890547235,-0.10434987476583019
277,136,1.5788840082236828,3.2655821088806474
278,72,-0.08254709200431176,-0.08530652943315072
279,372,-0.44609726379459835,-1.3096410673998085
280,921,1.416704501072644,1.1878240630835788
281,529,-0.45228196814599464,-1.0540696343172393
282,399,-0.5359163680671154,0.17163447920986233
283,864,0.6439512389990134,0.6165005806289499
284,501,-0.6258481221819403,-0.13522142699709952
285,212,1.1970572072939447,1.2094532938995597
286,601,-0.15976921021355553,-0.9507055493347185
287,967,1.2905231690414893,-0.9169541691678478
288,656,-0.628509531933931,-1.4335016411914303
289,851,1.4159434386221053,0.08607060312061213
290,42,0.6354802155204273,0.29419826937316973
291,837,-1.016991476851738,-0.21710582425830438
292,902,-0.4359934098415476,-0.7349238056879295
293,458,-1.0600405038220149,-1.6115750378345468
294,525,1.8522632313472789,0.38103156262049553
295,122,-0.5297764137645334,-0.08982923110585692
296,36,0.6877775735284467,0.6189998415599286
297,359,0.8459496857920727,1.3708225014848472
298,847,1.369573634304085,2.686617547560536
299,504,-0.4849088886697473,-0.7820032181674823
300,177,0.48529677307088354,-0.12262473164364407
301,564,0.01606885252031439,-0.2872536079835976
302,471,0.5575650993110941,-0.16523473413377182
303,818,0.27329472416893025,-0.9300484444597712
304,345,0.7930397122532739,0.43960457031456507
305,289,-0.3954075774744637,-0.36188303155280743
306,522,-0.035583708679290414,0.5918450911880774
307,564,-1.795033854075591,-0.5202442389592553
308,798,-1.7671558686860869,-0.021482911275518865
309,135,0.09322293806336361,0.62104700110739
310,204,-1.3514271636952968,-0.5053028392770196
311,561,-0.016898195654800528,0.41877046327495854
312,972,1.035280592171506,0.6030032975822324
313,145,1.0455663944979083,0.2753397479797752
314,434,-0.9156195211874409,0.10869668086161494
315,318,0.5396498520381882,0.29266839286639035
316,967,-0.47108990373267734,-1.0273415960099064
317,758,1.3115330924631867,1.2958079922366004
318,834,-0.4190157592991015,0.928470773518011
319,763,-0.2870828533539382,0.22175359933462124
320,417,-1.7441939260520287,2.252092883154783
321,606,0.6288404475951008,0.5845050627756719
322,768,-0.4454705672909771,-0.25202965826413765
323,644,-1.8037612934090217,-0.4775964978234424
324,760,-1.1139782614900446,-1.7603314238283096
325,29,-0.04549175163479162,0.2115330163238723
326,924,0.19873919946647664,0.6822136505142291
327,877,0.048290530501989726,0.5369967960062442
328,424,0.972218448465833,-0.520799228971137
329,499,-1.6872103588866627,-1.6829230031614948
330,149,-1.239200085498561,-1.144403510166485
331,528,-0.497673857013039,-1.1963702364346105
332,721,1.0550049270965605,0.1003676870526174
333,395,0.22653072084655668,0.3478741566913738
334,596,1.1642476595699343,0.4006263739057142
335,392,-0.10895223801148829,0.005120363980374937
336,658,1.093297975867595,0.99696520137145
337,618,0.2239650750715597,0.41263955994153045
338,609,-0.30897242338663233,0.0430597126379383
339,279,-0.08476065800288325,-0.27259054670286487
340,865,0.780550226330076,0.4030538970459492
341,443,-0.026115074505186513,-0.41636739343019896
342,850,1.2847981444448282,-0.06514559928146801
343,966,-0.5135941138562815,-0.3642713527836885
344,959,1.1257239660222047,-0.35929157830720915
345,594,-1.1603536476474163,-1.2655442494892857
346,792,-0.033359959411977974,-0.717047345626817
347,187,0.40560760040183513,0.5823634981623923
348,940,-1.5980690060729104,-0.10696935245499356
349,456,0.09862945572943932,-0.23422046301274088
350,88,-0.46255720469738537,-1.552319516622356
351,989,1.5573700601523455,3.1465500427892397
352,634,-0.022328480598351522,0.08768347270479435
353,385,-0.5253470665234323,0.8180886131217691
354,633,0.2606397850329299,-0.1014323716136466
355,371,1.290508211576426,1.2558844957076607
356,973,-0.24128565728140527,0.14398514815204005
357,524,1.4264997371909482,-0.009476386753016236
358,322,-0.9569863632406158,-2.034779452178898
359,699,-1.25713362017189,-0.38116286831004753
360,450,1.8000974204403206,1.5515782263557063
361,68,0.10362865243176153,-0.3830949240222535
362,76,-0.47563733441206046,-0.9662533261107208
363,855,-1.5073607811543879,-1.3754043322888372
364,758,0.09461695517081131,1.1101756352469985
365,26,0.3876076735922036,0.7879106251554038
366,7,0.1347488574490319,1.029826413677038
367,410,-1.5086368714520861,-0.3867245601705816
368,710,1.4357182581969317,1.870692987246228
369,316,0.8183093900202495,0.48380219366902566
370,75,-0.08806278982444236,-0.10373117858441953
371,846,0.8354911793666511,0.7429775781968635
372,42,1.408156070074728,0.06122163797020762
373,266,-1.0621145770024771,-0.03985982001784736
374,336,-1.912446215152335,-0.7090112075428432
375,482,-0.8742515189733768,-0.029171122101394463
376,873,0.647480272117355,0.9966781972626801
377,177,1.1708022016494255,2.719936163647739
378,882,0.29061303993078264,0.7312110625725566
379,629,-0.17957833598141576,0.5442861948007234
380,433,-1.2572797211267555,-3.7123889208801018
381,828,-1.2166969878305405,-0.28703153594548003
382,679,-0.6895148296467211,-0.7351296164698342
383,749,-0.4406814672646493,-0.5029573804274762
384,655,0.5652807578258322,-0.15776660620638655
385,523,-1.5767228025863735,-0.5065259315891055
386,608,-0.13815337681732917,1.3564176654562516
387,362,0.5320617935568476,-0.6356599173533108
388,8,-2.2896816527306836,-2.047164791052541
389,906,-1.492540542054269,-3.250824675911711
390,477,0.28781362433218066,-0.0455524929581117
391,733,1.0049786934131237,1.796218955054873
392,57,-0.3861242591102177,-1.235497031171858
393,602,1.424867605830561,2.179993676143137
394,211,0.23963937770629629,-0.5519595569738203
395,220,-1.1520067951947863,-1.1107015622456413
396,461,0.9517432861183976,0.9996039592245624
397,531,-1.4501461798959732,0.7616511269222874
398,312,1.133617451641062,1.255273298108651
399,61,0.04817442238197306,0.3234549111474122
400,830,2.6992449658638153,2.0803705930603784
401,624,-1.628063647473652,-0.20780086232318895
402,862,0.8330116692116946,1.4340212028030057
403,794,-0.2539448398796129,-1.3116511160596134
404,808,0.259113751391109,0.7799916346442226
405,47,-0.8227605186118889,-1.2915575437299764
406,950,-0.6159087048442559,-0.26676966645977807
407,13,-0.21062797193168858,0.6208027914414167
408,927,0.6080725241706139,-0.4526558488122654
409,716,0.2734613149805697,0.5304800919670208
410,908,2.0548471733675564,2.4611903468173058
411,584,-0.3183142373099114,-0.5643211998403804
412,465,0.7400419560487204,1.9166427269572002
413,493,-1.4409280893137577,-0.30881437347606205
414,582,1.3988044497114236,0.4427759958789702
415,184,0.4424898087389724,0.04624795506044042
416,20,-0.9980703350783855,-0.2504819206983471
417,931,1.9340372545984614,1.3995745864734426
418,269,0.9187306346993319,1.6581521423988204
419,545,-2.283732322246228,-2.563762779756938
420,598,-1.4180078312481266,-1.2994440715098314
421,215,1.3171040254257742,2.193403731670663
422,631,-0.5418388445349535,-0.9794994229192318
423,707,-0.2021846785577115,-0.37813849328523125
424,153,-1.4028142212677093,-0.6304293658744924
425,427,-0.6709142006635826,0.6673852587643285
426,911,2.0460151591732307,0.95960388769432
427,245,-0.9240175795226773,-0.6338618149366999
428,711,1.3074795991522237,2.0721888205007137
429,350,-0.10684177864942429,0.7510717172574448
430,388,1.4137998893092887,-0.48974663339583285
431,428,-0.5482307548721647,0.17602367017986476
432,750,2.1053234924745987,-1.5888338358390828
433,966,-1.1350996428571904,-0.342915645107519
434,602,-1.6201624274928315,-2.153300966524831
435,821,-1.1672374358839517,-0.6864136013708271
436,81,-0.6466476379754406,-1.5234038874381266
437,98,2.2242763642601995,1.2630604383173016
438,269,-1.2946621591776795,-0.7243949697373128
439,561,-0.9994281267033993,-0.4256941036241821
440,208,-1.815887278549177,-1.9878811878684481
441,901,0.6161600916918074,-0.03801877752058786
442,632,-1.154146800963372,0.622208812621442
443,843,0.22693181841352603,0.24564797195929072
444,62,0.451981799063948,0.24292517289621376
445,629,1.4012053349671234,0.016895864691307466
446,615,1.3248148356683511,1.2290873527515895
447,988,-0.12345088434602725,-0.13274044510941416
448,694,-1.954485605835044,-0.8699759010660165
449,342,-1.047939990941072,-0.7482750084960132
450,474,1.0113031886211148,0.6745097831714224
451,400,0.8465822831292554,1.8866549926879725
452,617,0.3310463976625037,0.31826427005584634
453,661,0.6347719368196468,-1.264742170588869
454,12,-0.18653762196677987,-0.006720829987621163
455,130,0.2924751671144475,-0.3161675714172673
456,116,-1.0038917529942082,-0.3601393829318078
457,687,0.4722318369777384,0.5979802899330415
458,290,1.2353144513074792,1.9662537467715242
459,844,-0.893536293653527,0.059569139667912135
460,402,1.306773669638572,1.5962895786601092
461,671,-0.03623835927349864,-0.10909789319288453
462,386,0.6991315043825013,0.6716225169110148
463,635,-2.1560950685270224,-1.4538131291850207
464,53,0.3057663197960172,0.3265251331234319
465,488,-0.30000827906225747,-0.7753729218502982
466,1,-2.2482657963514945,-3.596904089286694
467,5,0.257426521915636,0.40985932639845046
468,619,0.3866307297310219,0.9446169986663615
469,32,-0.48070444204329754,-0.2763233155366589
470,198,-1.2819652277661198,-1.7876092867032913
471,844,-0.25906058812146476,0.19310965574861486
472,31,1.513176100977719,-0.32857588273402893
473,139,-0.15767197378066877,0.13274552255539923
474,612,-1.8395682489228942,-1.8979614313476536
475,563,-0.5697297010452779,0.1110258572001644
476,306,0.1953157946794408,0.2411469472294797
477,119,0.03857537703376569,0.28670663299056576
478,327,0.1884799346293361,-0.3751389256084342
479,305,0.23289330033943803,0.31427483589283295
480,904,0.2030835166266749,-0.055762769824952374
481,3,-1.0940938821267379,-2.096949767322939
482,869,-1.2207157263231083,-0.5235761149020928
483,991,0.8383742822299769,-0.41367784394120716
484,40,-0.01876822012277031,0.8291361686601062
485,249,1.803979678556546,-0.3727005124593754
486,832,-0.005526985255095208,-0.7273095519902475
487,228,0.8775237683561841,0.3697891609066586
488,375,2.500467272635855,1.876068785717195
489,114,-0.4463736761289885,-1.1279640400556061
490,365,0.241927990280406,0.11541683164717213
491,47,-0.28188248504038815,-1.6224529234287637
492,512,0.1663772857118125,-0.04127101922535413
493,119,0.925220215300091,0.5570913105641255
494,497,1.571161380066597,0.6046895894348141
495,535,-0.6898238620578763,-0.3337298178669497
496,429,-0.6278964940391113,0.03256802613890114
497,906,-0.41164796966535666,-1.142942962543358
498,307,-0.19521919650288336,-0.5148496793098496
499,524,1.0753975941343334,0.5132857346176048
500,398,0.06145079326267713,-0.3394470528817222
501,620,-0.6490964154696955,-2.0870755598185147
502,908,-0.47265133524440117,-0.23392262917151083
503,293,0.13652210639189472,-0.157333905524934
504,55,0.3392862456266633,0.2753073986766681
505,510,-1.8818847173394189,-2.935812579212689
506,155,-1.3272285577937488,-2.6556678208091826
507,234,-0.7740287180932359,0.8780593722354549
508,449,-0.20310685358392291,-0.6070687170688156
509,481,0.7833439526868817,1.1394598711290236
510,442,1.4674641287263632,1.7009868592523048
511,796,0.8703681621031631,0.048247304079031356
512,563,0.9861437487712476,0.07027678408271174
513,431,0.8213568323634022,1.7108069336832796
514,735,1.5187152788513871,4.018084898220998
515,89,0.17186447224598467,-0.02392183204181239
516,141,-0.5142793051314336,-0.09497656268500888
517,88,-1.2819830689598903,-0.8912770158904045
518,318,0.08496766772880304,0.6454436546217452
519,744,-0.24643800158597298,-0.33030186948340956
520,115,0.1634328395170031,-0.2542074696680313
521,974,-0.2659362917472642,0.21495249501967317
522,517,1.3719376752964694,1.3359865880232056
523,986,0.2900067130236135,0.2883188812006418
524,52,1.2503497803237256,0.471355421547664
525,910,1.607711918484336,1.204370722910549
526,184,-0.09655184750674124,0.09808150955898592
527,836,-0.5658480891387985,0.23860732501680684
528,957,1.3414130694830133,1.0868123528602445
529,947,0.06139442687746206,-0.8825495253864556
530,136,0.22540622248512168,-0.48591614787126275
531,780,-2.3645828000271774,-0.6998966096664526
532,137,-0.736537598396872,1.5617714970256065
533,546,-2.0883367290919024,-0.8832750251160887
534,126,-0.5294766848621376,0.27971296722672584
535,442,-1.112226095220346,-0.6656885094769633
536,90,0.9861247262690229,1.6819172286314756
537,513,0.6723762155643864,0.6359019083130473
538,104,-0.5731895977506615,-0.27466926054961716
539,788,0.1515644771555306,0.13128745618387272
540,529,0.24395306687308232,-0.10462630670563068
541,785,-0.9261628656226318,-0.23414065088168276
542,521,0.344318918634219,-0.5671694477518967
543,672,0.33459809237001037,0.8047459390241993
544,672,-0.38272805474225635,-0.5731058668976385
545,19,-0.510643623020177,-0.02749841781182988
546,882,-0.22982033515131928,-0.011879947553874004
547,500,-0.3444412221064345,0.1843631467339208
548,978,-1.0494203994912135,0.7300954122732626
549,684,1.4512505977677035,2.652114374244502
550,773,0.289820797729986,0.5626744783501181
551,642,-0.17134381670133453,0.11569901786918407
552,731,0.06956718525721313,-0.08591968358740122
553,416,1.2775904496208657,0.12186963679075381
554,456,-0.8833331938979045,-0.31922120343727656
555,336,-0.32436967085916135,0.11616247224188456
556,932,0.3863793974841391,0.9125684860812528
557,261,0.46377985034100494,0.0710910970610607
558,138,0.45330174322666456,-0.19324196434317176
559,848,-2.4304577420731706,-2.1384699707165558
560,463,-1.7730597167678466,-1.5611241055033394
561,875,1.106193401787618,1.02815911540265
562,115,-0.7052255953797145,0.1082870475026721
563,446,-0.8808353995910277,-0.6311335407936031
564,674,0.729673287471835,1.0372806540187332
565,573,-0.7132366296113553,-0.9362459402914197
566,535,-0.30787015139166324,-0.05364969293835025
567,182,0.16920993788051014,0.21337660142276935
568,21,0.6020518700392608,0.10323472714703015
569,676,-0.6692540351340608,-1.830637946876568
570,357,0.7181726902182443,0.9271171460702924
571,188,-0.8674699480787951,0.059343950096995626
572,888,0.9084237808176073,0.4614069347792451
573,715,0.28220122307926804,1.1479226832170661
574,816,-0.8762715044402649,-2.7727999215713357
575,74,-0.12016506885122664,0.906946363714513
576,856,0.39487471766800125,-0.1801945060763576
577,857,-0.8898394298255038,-0.2546609410364969
578,923,-1.1570464603143327,-0.44785537632674244
579,648,-0.09856155664803531,0.06284689022017802
580,481,-0.14598818614972844,0.7831190930634697
581,35,-0.10790270538694723,-0.3064672050485779
582,767,0.24997012321918868,1.5666932303589258
583,40,0.5977452517542537,-0.3171450277503741
584,328,0.3292498308723579,-0.4446909350559954
585,876,-0.390639575556249,-1.0398048324826832
586,592,1.8958493281683737,0.5858979438485319
587,470,0.07256533102682602,0.7663404733990452
588,658,-1.0275958576986481,-0.9036863274566616
589,638,-1.8092549282186605,-0.7735149537409198
590,900,-1.251718986409185,-0.06735079661068265
591,128,-0.46170825985928554,-1.4320540588487776
592,863,-0.7574726501220899,-0.5258211614782372
593,832,-0.4679877024537091,-0.652600576853301
594,676,0.21096451159774612,0.13191095755019375
595,350,1.0140233707051352,1.0240634406316351
596,272,-1.3900789578808466,-1.2531773787889768
597,677,2.4713731114013404,2.936549214963497
598,543,-0.2219554210453343,0.44874690552864527
599,11,1.4848150518192174,2.661455589515586
600,445,2.026119389540242,5.61363372074515
601,696,1.0931034995804627,0.8253000524350715
602,466,1.9812786278672323,-0.06505839608205795
603,691,1.9723085420730115,0.47960391969732347
604,927,-0.19852745565680824,-0.5495038485047872
605,935,0.375368284839758,0.2143169468183175
606,373,-0.17309199160719219,-0.5842228689899269
607,381,-0.9153679324702763,-1.3889975415135989
608,21,-0.4317733219915524,-1.2394682532631287
609,692,-2.412536595479014,2.092991023144301
610,358,-0.35993758170060497,0.30858114865851044
611,981,0.8421953145949795,1.0381633803056067
612,659,0.9892541578538793,-0.23360260488365783
613,517,-1.5298880309341154,-2.330740233690602
614,160,-0.05936195194322714,-1.3781785559561848
615,37,-0.4846151675131921,-0.72745505661285
616,77,-2.1642896134566647,-1.7536776197464317
617,835,0.4350238915130524,-0.6254528831678013
618,621,-0.03161527892582494,0.5075478051946165
619,415,0.15607062732995947,-0.2634486686022978
620,433,0.8314108966152365,0.44941518786911505
621,640,-1.348334481090254,-0.4894702535114791
622,93,0.04213234681637209,-0.29373188495458585
623,977,0.40636851039919925,-0.3141440673834739
624,732,0.3103899079103637,-0.6985019410774138
625,151,0.5628787676327824,-0.6561503985211528
626,498,-1.02188518220817,-2.5427593794560677
627,720,1.2071307005039578,2.3943312498395395
628,36,-0.821092044781966,0.3573774980565638
629,511,-1.1375018085843815,-0.8735061013199479
630,109,0.5379853079129939,-0.5423285754572718
631,940,-1.5026891574699086,-0.4162593605963747
632,993,1.0408809695491097,-0.10988372329977003
633,688,-2.290749175479414,-1.311602654820507
634,306,0.4609229660560698,0.28150066550238784
635,715,0.5150826356459843,0.45343963634237233
636,954,-0.8838756792882051,-0.9722507317554943
637,313,-1.9773160829807352,-0.08232338632055727
638,578,1.3015622970555893,0.1742180277692171
639,116,-0.5866599062328625,-2.0008576549881494
640,490,-0.42915737866220854,-1.5662155882709559
641,534,0.48177307222676424,-0.29798483417150873
642,296,1.56992087208623,3.7781516461900613
643,171,0.42106227693286363,0.522424243227942
644,909,0.6305423728049447,0.18372757956922076
645,242,-0.4094903402495144,-0.4368542913723896
646,146,-0.3735858898342963,0.6268831921605753
647,520,-0.3882061653110088,-1.0720219324883322
648,251,-0.6326952403960876,-0.26727189035421023
649,824,0.2602278640471192,-0.22703567196814556
650,983,1.083397732819359,0.5389185331242708
651,581,0.2501704731151873,1.3161925001003967
652,423,-1.1404473625354656,-1.421948093121442
653,50,0.17260662594560552,-0.6249065306242482
654,369,0.6447143249785966,0.4959842462392881
655,326,0.023831434129901075,-0.33802417233057414
656,777,0.304410386972802,-0.2287070137536758
657,611,1.0867966463526364,0.8586756618222632
658,831,-0.4053819881496205,-0.9666353252054042
659,441,0.5961563313885979,0.9089822701735508
660,226,0.09328680481744316,-1.163056612466096
661,739,-0.33724637228281495,-0.9952947433492467
662,515,-0.01778618406005954,-0.0009520969716030336
663,504,0.49285330610416994,0.9008255515108108
664,877,-0.23526797622949855,0.15409784669065865
665,814,0.042936513824705036,0.12223468233099229
666,657,-2.154663338898349,-1.6452006605409415
667,559,-0.07901546521205112,-0.5252797307945049
668,506,-0.3997624266898663,0.026322639565191625
669,712,1.561553794372227,0.48155429588459653
670,747,-0.3573151162985651,-0.4077556595142192
671,129,-1.5693958915239672,-1.7250369686132958
672,770,1.2751734104638186,0.4691761570228692
673,622,1.3994801885715245,0.4791575342055182
674,589,1.1395213198472824,1.7611457549817968
675,420,-0.40695642208577626,-0.3431001437959963
676,283,0.6214352839277659,-0.699739848351637
677,799,0.975407952624813,0.9605710207938156
678,34,-1.4164766734778584,-1.682567466014891
679,589,-0.7943266104653731,-1.4543831468530566
680,435,-0.3982065435161853,-0.17183836227064284
681,812,-0.16136778914230065,-1.0709822433452358
682,929,1.1614043251945618,1.0194899758253677
683,282,0.8770097742555896,0.22761196595775304
684,979,-0.8182004099138704,-0.5111062841491052
685,83,-1.277623525269602,-0.5243692291601526
686,80,0.22925012804642556,-0.29902554187770036
687,29,0.06753233687261463,-0.36522915476404905
688,781,-0.5016876558074804,-0.1791171114743025
689,742,-1.0849251386324903,0.7680080153339921
690,429,-0.548001541608558,-0.6380390895046925
691,284,0.6045147455109867,1.2259095888243738
692,999,-0.05809241185051438,-0.21105610359886084
693,670,2.0966576353703767,-0.06096610806704047
694,881,-0.2984450494410664,-1.165446112272166
695,537,0.789956662700492,1.912831188638779
696,227,-1.573086553690352,-0.5661820463724396
697,711,-0.05039733995569054,-0.11455378629215157
698,962,0.265780172158734,0.1615463609727905
699,910,0.8305194617578909,-0.09360318503552954
700,595,-2.3601269870594566,-2.171222282624296
701,297,0.19153265839733566,-0.3572762500197091
702,704,2.430528484546894,1.434542449415979
703,264,-0.22663014706833168,1.0713535767292568
704,471,-2.1043591820320504,-2.532259965943893
705,677,1.1515225618280975,0.6555416020302473
706,612,-0.3867981587982656,-0.12509262937465276
707,522,-0.7292842885089706,-0.8682295036379893
708,96,0.3013913598964251,0.8606416670612356
709,472,0.5805780604246874,0.5976259326805662
710,633,-0.8594353052986906,-1.028915835900207
711,78,0.814651618746085,-0.6339134234976199
712,326,-0.8059308739438005,-0.1744750659512896
713,953,0.1709268877883381,-0.3331221359178012
714,866,-0.34333443032953553,-0.8334732950823925
715,693,-1.1374047929221511,-1.4404322290103808
716,752,1.1825022903397584,1.3585319216992144
717,701,0.8785749155194333,1.102787510543582
718,557,0.49259473277263355,0.18926981358453648
719,581,-1.3395704970346967,-0.3755316645732031
720,484,0.18762442288441938,-0.7385050765064862
721,64,-0.26762807390015697,0.5756417206015485
722,706,0.25961982572354125,0.01229823200903174
723,905,1.25338802529519,1.227803744861276
724,583,1.6613363449014993,0.448510452914848
725,944,0.565009929647727,0.4599337622041243
726,183,-1.0342096128898064,-1.2712291867955638
727,905,0.5636862285029896,-0.6764272642764378
728,539,-0.46302341473198966,-0.3934400776343613
729,59,-1.1267586045210964,-1.0448572250949577
730,731,-0.8785170047625832,-3.333411580578836
731,127,-1.6431576717381808,-0.5694884690993349
732,924,-0.03919320492170306,-0.2503114516324624
733,356,0.4550552286263685,0.5493809675649912
734,732,0.338383887279115,0.45346413698058397
735,165,0.3823467213778218,-0.5804130859808871
736,825,0.9110009776885188,1.6702310210491007
737,305,-0.17609330909952192,-0.5007443269311624
738,411,-0.6224135212651305,-0.05085915293417756
739,43,-0.9800851290639503,-0.45557603555358717
740,294,-0.834152695970093,-2.200453955314573
741,168,-1.1723897166516963,-0.5938592843291202
742,236,1.6835202876417859,-0.37584901991406217
743,130,-1.8755948963320235,-1.6145104225947249
744,347,-0.6621012030352925,-0.9302913657342504
745,361,0.1499372590517368,0.20442358180497067
746,155,-2.540678236695317,-1.0497171028888732
747,383,-1.0006266100638321,-0.15220211509349735
748,948,0.218835612995126,0.27127882663615654
749,816,1.6201767531353921,1.4027871786897146
750,699,-0.08666020575629406,-0.46963770460119064
751,971,1.2704627479211048,1.7157350477787778
752,381,-1.4662617505027828,-1.1215609078197843
753,8,0.14910266028082186,-0.5643380581324596
754,240,0.981047456423447,1.4056237169828683
755,420,-0.5089417004394355,-0.2785900650770193
756,952,1.6930866244681888,-1.3390614562305225
757,301,-0.686581702441327,-0.1603045148365179
758,740,0.07215445108817263,0.5293551581395475
759,490,-0.7919948788905707,-1.5277140424371056
760,476,-0.7465684812203814,-1.1456188293466798
761,542,-0.14658714026073055,-0.8492844445240534
762,100,-0.64044188706473,0.379585360261387
763,559,-0.4170570057991691,-1.1362497134553577
764,25,0.5038368727012026,1.1055766542614214
765,18,-0.003101884573556201,-0.06773940360305021
766,755,-0.23795792940551766,0.11278684488581982
767,355,-0.9758525595852203,-1.7501525058787721
768,461,-0.6327807316776651,0.517148220412772
769,28,-0.23880751185030002,-0.12993783311370438
770,572,-0.06156934323974004,0.24452920232947845
771,346,1.9476259285998119,-0.3177558234985059
772,163,-0.03782360418605754,-0.3730270545300888
773,408,-1.2959465489005524,-3.214666660281304
774,764,0.7449126851241832,-0.09415187131129216
775,478,-0.05936647253176711,0.7838823002581905
776,871,-0.8384016758965315,-0.3223508205615929
777,41,0.36206046472031245,-0.08570836366302001
778,452,0.6362290890062561,0.8587444782442961
779,272,1.9336042798754907,2.7942691578176007
780,898,-1.1042916798566138,-1.648968443987588
781,353,1.032207611541926,1.4981820606752643
782,333,1.143559892103147,0.40681293378757416
783,577,-0.591670135811698,-1.0858412054342854
784,943,-0.9941492195335725,-1.0579475455471505
785,134,0.24241636838619732,-0.6812810618506182
786,774,0.2630432531417311,0.8196060013120632
787,500,0.5428306682602243,0.8566605542066437
788,531,0.20242162504856123,0.44550796943159277
789,987,0.32389188310355765,-0.1870780847786846
790,15,0.19881980579101236,0.5491729482614685
791,92,0.40238911871875543,0.30095446932197417
792,853,1.0656384033911863,1.5043381745410325
793,378,-0.5522680575969026,-0.15346424590207422
794,879,-0.9841095024826058,0.2129599613284183
795,767,-1.0993388415786185,-0.6573395439241566
796,153,-0.8587254513271897,-0.39580666711369705
797,422,-0.3182113292085555,-0.6647224853266209
798,56,-0.24090011805297742,0.5298242991992448
799,352,0.26766132367447215,0.2237488397034693
800,109,0.11372836611751952,-0.26043292071020374
801,129,0.6443076103500642,0.37837531042898426
802,338,0.6275955473777457,-0.2664509823837597
803,689,0.30396016030247286,0.7231538065592512
804,842,1.4721590645303821,2.0801430991216665
805,610,0.08065328986472216,-0.7481030129193532
806,613,-1.2419492979833506,0.740922471041038
807,276,0.267231571359277,0.9208207850211815
808,729,-0.5744262759244222,0.1938454010431047
809,657,-0.14974539702526454,0.6550381333470631
810,325,-0.23335302194512167,-0.10098513488070943
811,70,0.36061935628301495,-0.7212436370180918
812,806,0.033609048034826165,-1.6503590564522497
813,292,-0.22591234539063224,-0.09684074462206654
814,49,0.4374980014262729,0.7013980513233435
815,793,-0.3472693123382679,-1.0127607659885145
816,2,-0.7981282558445294,-1.8119194195880968
817,654,-1.3792824672928723,-2.281743877676836
818,122,-0.1570709807479263,-0.7737452929632476
819,225,0.5976253135398503,0.9455275555443757
820,112,0.9612075034199472,1.903044327442694
821,16,2.217895598857906,0.18593925333959616
822,946,-0.6161039388166056,0.20401247479783516
823,723,-0.3583949720183743,-0.4513529903457972
824,169,-0.941827932069431,0.21393991069408627
825,962,0.716469301929743,0.02425931109598074
826,532,-0.16948806447552833,0.5873189335640853
827,930,0.3309654903303363,1.1409009452128795
828,608,0.378415290060661,0.8673899695170134
829,701,-0.4718237731100434,0.17672891417586212
830,416,-0.2551212350659946,-0.19002861152467743
831,312,-0.41418907761233287,0.3822328300217469
832,303,0.5690358104173044,0.4596626155918712
833,455,0.08859638189025151,-0.21174640165742556
834,460,-0.9647371867714877,-0.2216618956602746
835,170,0.9140593719680297,0.11637348390867402
836,419,0.9778676208639491,-0.4139641137712476
837,219,0.44677067733649856,0.4624811573622004
838,324,-0.9284217866087053,-1.5311700750617918
839,626,1.02210052301014,0.10282136808346859
840,949,-0.25464958838299745,-0.5026879013924624
841,352,-0.8094117663051457,-1.5772063352628591
842,946,-1.7655117450075848,-2.4646418064629834
843,565,-0.05550796145497679,-0.6628163853820759
844,337,-0.36849940526845787,0.8361864840678147
845,200,-0.3701425600138337,0.004718147288870376
846,719,-2.3772448232195087,-3.831351633063086
847,646,0.784739681722572,0.33723318185944734
848,341,-1.6394846298071748,-2.697765853570948
849,258,1.2851464429372939,1.3121920126110604
850,268,-1.2162586205766375,-0.07613239773976932
851,510,-1.8584256505797185,-1.8247041769830314
852,13,0.06162456180102745,0.2809193415434898
853,782,-1.85043025227613,-0.22912336913733916
854,324,0.3757976619807759,0.5596224388313127
855,570,1.3725619295736187,0.6170960620730489
856,391,-3.5235578868709503,-4.481671115279641
857,630,0.5516393470695361,0.48842809247009744
858,182,2.3258372390752697,1.7698181036673242
859,236,0.6695896343557526,-1.2030709836345779
860,49,1.3522582741350393,2.557559169826749
861,759,0.7278727822897193,1.009696507192304
862,729,-0.20733799276022882,-0.786461316432564
863,590,0.28116558948062365,-0.40135376658965755
864,791,0.42057052742925943,0.1747200064064426
865,298,0.3816397212094009,-0.14019571522548338
866,937,0.10224890678547303,-0.24767289544005186
867,886,1.2218628506716607,0.8018747652434433
868,894,-1.2212613312758949,-3.4875935743514415
869,166,-2.06982927838805,0.05465611206618527
870,360,-1.4807472151050372,-0.42812168935938233
871,252,1.1273864356480194,0.1775401885047778
872,920,0.7616111640081468,1.033661185233568
873,680,-0.9918594728358147,0.39499396919931073
874,452,0.1965503108596799,0.48226902187099524
875,409,0.519648719779325,-1.220330019687925
876,423,2.3975610323436825,-0.10747050645545747
877,925,2.332484241481644,1.9175555297562306
878,356,-0.30840400433997117,0.049915134441980605
879,287,-0.4040049062203461,-0.3632108922200205
880,62,1.1801615593861792,-0.060798655811277684
881,101,-0.38686848393355494,0.12350390122744069
882,575,-0.13363158663603378,-0.5928894895174608
883,191,-1.3243177349288529,-0.8341586505406484
884,545,-0.05598714503247628,0.6337517675136539
885,66,0.44110112462852075,0.3104410653594052
886,492,-2.6006619276408927,-0.6153568168261
887,114,1.3785729098490003,-0.025790905232283723
888,934,-1.053885036999758,-2.4061190647705413
889,607,-1.2177248115076205,-0.06894909578905471
890,996,-1.7058909794132269,-2.925811613955884
891,106,0.22321831905399847,0.9438735234713774
892,126,-1.2507958368570131,-1.4876439245473532
893,603,0.4859548434864571,0.3217182730948002
894,833,0.12394710196084244,-0.013434259464798828
895,553,-1.56858796317487,-2.2873149377214683
896,991,0.9001204603214945,1.3682019966726817
897,675,0.44395075572577425,0.2193354672986787
898,67,1.6234081018843147,0.14600417218503697
899,706,2.221456984752661,0.5061044097699546
900,196,-2.919828514293305,-6.6499369466038845
901,465,1.4209258258800077,-1.322303898756432
902,195,1.0077256978824574,-0.321500676561278
903,895,-2.152891088348505,-3.952692950175455
904,890,-1.5607754158746092,-0.8676861351199393
905,434,-1.5623836879421202,0.029371809834310342
906,726,1.6076337512610857,-0.003639142429740977
907,713,1.678319493060062,0.6914481698613874
908,162,1.2812068756816049,0.5204120007312885
909,777,0.7499988578517925,0.6398415152363813
910,207,1.6280359288799355,1.8802081264656576
911,574,-0.6557160195397116,-2.2123872542954968
912,220,-1.2009004717186864,-0.8013569556469239
913,691,0.25857718564803733,-0.6129177369775733
914,468,-1.7697382432693836,-0.7527460543044162
915,45,1.4664306074503894,0.36436409492759747
916,707,-0.8699985832126651,1.3317161622553537
917,961,0.25542869138060953,-0.22449991201569489
918,181,-2.022223817046158,0.026491804965301124
919,161,-0.14244871866664177,-0.5552494569338835
920,280,0.7627175722038586,0.4375996893363734
921,163,0.7577884744074265,-0.049445570760121335
922,519,-1.2754704425742704,-0.9990022700660502
923,438,0.7153554187148661,0.9314798414611745
924,495,0.37471569411250616,0.5571953063845666
925,20,-0.07810898952582558,-1.058146904232322
926,469,-0.14501203985688282,-0.07705853512806925
927,682,0.8769132905461736,1.119598586196923
928,883,0.20736975844421018,0.5497971066511158
929,421,-0.45670178040807147,0.7334917026419482
930,873,-0.468932656921243,0.6940661878701905
931,792,-1.5446407343477278,-1.7152992872418975
932,319,-0.798997930150348,-0.6955918384785611
933,807,0.18316038550397992,0.5541649326491938
934,172,-0.18384530690476805,-0.4969169407716401
935,140,0.05650352931159075,0.8016692870050931
936,15,-0.07679763445360839,0.40463796602571905
937,302,0.8654520461630117,-0.31511151446930574
938,570,0.8415620916139284,0.4382272893040952
939,838,1.2758374059570918,2.070633478403627
940,348,0.8551874702009585,0.22367577597089855
941,317,-0.19199110608332923,-0.892362145186167
942,829,-0.7856890539779134,-0.1285667253397808
943,125,-1.0859491642696557,0.49343668393749973
944,247,1.2811116449299373,-0.479542939418354
945,322,-0.9607210334327292,-1.4350340928583145
946,963,1.3566237298294332,0.8572986924183742
947,714,1.5386488377351493,1.458533059711924
948,235,0.8722206920207887,-0.18062588383087275
949,167,0.12225874307313132,0.2333252479921862
950,121,-0.9801992318836467,0.7223408756306049
951,472,1.076532233449916,1.0307380917613405
952,160,0.7978297964267298,-0.34774127682548034
953,44,-0.05562368426592777,-0.42917464833426083
954,584,0.06468754328266006,0.06784248469743151
955,768,0.42324854510256654,-0.15610690091661414
956,650,-0.09201579513358812,-0.5932366600696188
957,968,0.22398024391546123,0.5663124340559322
958,169,-0.36540753999058667,-0.01766776426863742
959,526,1.4872835975326204,2.4988837231192362
960,227,0.4870646916131736,0.8010495383457241
961,579,-0.5718321596312399,0.9631417395282278
962,428,-0.35476780622820087,0.14572053980738198
963,156,-0.8072966878748307,0.16734538216442016
964,237,0.8062027488092087,-0.25988191260766963
965,638,-1.202190934957597,-0.5542928757587333
966,339,-0.707493361443185,-0.7050487745464424
967,201,1.62257512074755,0.7711262954819837
968,221,-0.6864992621334778,-0.6154603037605988
969,948,-0.9019019304705422,-1.4249087398148328
970,680,-1.6986685184764072,-0.6639326312299355
971,372,-0.994788012925456,-1.094924449257174
972,887,-0.3155619382640637,-0.4160453532503463
973,516,1.7498804304592592,3.104584547006925
974,18,-0.08427293102723775,-0.6009177182649204
975,430,1.2627304119520244,0.9064003370175283
976,439,0.09418728299136422,0.6292863628694167
977,628,-1.791996521844376,-1.915460834227984
978,124,0.3243991486553917,0.19609854403663451
979,833,0.793313391580836,1.1433449228396126
980,444,-1.487427830446357,-1.281244451864847
981,914,0.05096565161270701,1.0772344570540988
982,762,-0.9654480264324452,-0.5535316625022502
983,343,0.6234046593549943,0.7520142143185594
984,90,-0.8972701769383402,-1.1557749417533643
985,771,-0.3358876343642697,0.4775713797499094
986,788,-0.8845823938790134,-1.1032072230746401
987,852,2.711289624310272,4.2619108194176984
988,933,0.31102357198218583,0.9893830952189985
989,133,0.08228591673147216,-0.39048191937062876
990,663,1.6486277006899928,-1.4534899505610008
991,221,-0.5894732965428584,0.6159865989433275
992,709,-1.2006834246171618,0.3760126765610714
993,199,0.5885082127978224,1.1589278837992631
994,752,0.33192300896745786,0.28183320418370483
995,189,0.5136282215228632,-0.08392615361294092
996,527,-1.1704990564811963,-1.136928435051541
997,507,-1.0072443872816876,0.09010441888480966
998,861,-0.31220408235545977,-0.5891542102841315
999,300,0.0988704670082477,-0.39075078701948446
1000,870,-1.0270246755264187,0.4110141759420859
1001,801,-0.7711512362176699,0.2933777119185557
1002,218,0.2652140368660388,-0.5077699556676668
1003,834,-0.015064004427906166,-0.2297046498233071
1004,146,-0.5961297714009778,-1.752065205422379
1005,655,-0.9469476417929068,-3.399961819182705
1006,554,-1.2181811416162254,-1.339073534687043
1007,479,-1.125576190557368,-0.7662493510819293
1008,949,0.6902668104085895,-0.41687059220873646
1009,455,0.5984073284927524,0.10664716846162492
1010,932,0.8409497934522868,0.27331734319341333
1011,746,-0.8839750588462101,-0.6472527909867294
1012,262,1.4068350550052438,2.472409372730997
1013,913,-0.6214097921855023,-0.415854412189665
1014,885,-0.8153168523973651,-1.1290000141351557
1015,567,-0.6612154366073143,-0.16918882736850985
1016,97,-0.3225324235618426,1.039339641223175
1017,879,0.4043121111866077,-0.7835531263646899
1018,120,-1.476996031604924,-1.7244713175988546
1019,31,-1.1594426413668908,-1.6551045522200387
1020,164,-0.07412180679643551,0.2037535441406353
1021,345,-0.6564773070288797,-1.0150737228223128
1022,692,0.3540575439276266,-0.31153062825632694
1023,273,2.514210422464306,3.0498851774483215
1024,262,2.785719284936248,-0.45917682505377355
1025,963,-0.17761958329432606,0.18067716254933874
1026,59,-0.4822185587480327,-0.9372421416475415
1027,772,0.5635627393081081,-0.2884762275158037
1028,117,2.1784771011719157,-1.3698905466193652
1029,379,0.7743555631200921,1.5688937990735128
1030,492,-1.027641972670235,-0.9788718770958321
1031,89,1.9093927383368587,1.3467328658759716
1032,980,1.7915244623569913,2.169550833833695
1033,162,-1.2206770499685522,-1.0588600364973526
1034,23,0.20773316199203656,-0.4519980663684017
1035,16,-0.46017861124035586,-0.9932347396657202
1036,573,0.34991079983024415,0.19321827097950814
1037,199,1.2964429265389055,1.3818121771119967
1038,207,-0.7043519541998928,1.93724894895601
1039,738,-0.4934436695694582,0.29972874459293497
1040,969,0.4133933637989659,1.3704049189016987
1041,484,0.8025256810474377,-0.18978386246898893
1042,651,0.5398216966100332,1.0937612826756435
1043,863,0.041575507751060885,0.23668010922114996
1044,809,0.6828749106272612,0.9703823715989615
1045,355,0.14785525671670238,0.3914717595957804
1046,340,-1.0789315862195605,0.8946347476531592
1047,258,0.6778992176606264,0.42077767540308075
1048,571,1.317088898719753,1.2981523740379195
1049,841,0.034267630090701696,-0.353874756965285
1050,781,-1.3453514720769475,0.1579928237001918
1051,418,-0.8018936862076135,-1.7785413609192358
1052,512,-0.7833741060281753,-0.6256151681620935
1053,286,0.35200815075907493,-0.9499862986154152
1054,779,0.08616450515134205,-0.28054678711981257
1055,294,0.9677412207246726,-0.646858916077031
1056,666,-0.2007994271096232,-0.4425195803797575
1057,817,0.4868159515161871,0.22284691800034315
1058,451,-1.9041613361723706,0.6384832082471731
1059,840,-1.0244859042180154,-0.9866974882707988
1060,273,-0.10044212849379289,0.03413005135194242
1061,307,-0.5551884502513793,-1.0998363783141507
1062,173,0.016214325460788635,-0.32945597914028185
1063,673,-0.3437054380815995,-0.42570605354165736
1064,734,0.1722046107730645,0.5191015459256746
1065,520,-1.058980707070597,-1.003228803209215
1066,922,-1.0006854275374089,-1.3318678058073625
1067,360,-0.7889074708503498,0.27576620168492083
1068,176,0.8542117461223905,0.8257005800939058
1069,635,0.12518157631233126,-0.0711371932991981
1070,234,-0.4391766152892698,0.1263331807570584
1071,681,-0.9010385683925343,0.056545990562882176
1072,641,1.2896059947704732,0.9407027656465528
1073,508,0.12441194134498668,-0.1134987055028567
1074,964,-1.9554744843889516,-1.4109438709218167
1075,890,-0.3757318072454955,-0.6414626564705658
1076,897,0.9634585484397,0.9830007384320126
1077,225,-2.4527775938779723,-3.103165313481201
1078,579,-0.9253787262490749,0.08434575329940425
1079,255,0.5620280286983147,0.045987099236340576
1080,499,-0.4552610064568128,0.4557824385897747
1081,60,1.5457252351431454,0.5792936356524274
1082,945,-0.5762841100992601,-1.3200956617092485
1083,41,0.4577642624984994,-0.07258008435393479
1084,480,-0.3407294941604734,-0.3337635124441243
1085,496,0.5981919607780001,0.938202895796438
1086,493,0.9950064741778332,0.17550450289147426
1087,451,0.20902697519024532,-0.052162204828610434
1088,246,-1.0622791279308925,-1.3024587095781015
1089,206,0.8765061028738518,-0.33517723409723804
1090,795,1.1493727144507835,0.9283013951795294
1091,496,-0.038733688371695316,0.5225089289633784
1092,152,0.08450848174676776,-0.01400102333341751
1093,66,-1.7031276723586077,-2.0066246326988115
1094,995,0.8158724532071132,-0.762391168427968
1095,10,-0.9668508782423663,-0.26223535255153496
1096,320,1.6344419233105416,2.0428654393416306
1097,614,0.9928941667165313,0.3128886647795223
1098,73,-0.18135423655002378,0.6037485566793496
1099,751,-1.812136831001035,-2.2673943972659285
1100,447,-0.4525991981497184,-0.24925856338009128
1101,617,-0.44646353865374944,-1.2116093979395954
1102,454,0.3438728306494365,0.6206722420631144
1103,761,0.3838797746491685,-0.5572897470283057
1104,766,-0.35161394712764965,0.45792898281710304
1105,665,-1.3469385359238413,-0.32991927609957705
1106,929,-0.7059395950545523,-0.19711017400245473
1107,675,-0.36983876161440654,-0.9973668369465511
1108,4,0.9778812859455179,0.8800042622543937
1109,27,-0.8864493820567438,-0.7042648460993194
1110,911,-0.7410684181478253,-0.37537228226542796
1111,805,-0.5625094007461219,-0.1544445131467938
1112,311,0.17922362983340917,0.27053688443460494
1113,396,-0.23776544523607632,0.5532194298499492
1114,861,-0.11389160835418141,0.32814613704257434
1115,727,2.1061420370368182,1.273181626716289
1116,254,0.5774822516178854,-0.5569883013101384
1117,569,1.139274425085583,1.6755001369625626
1118,558,0.7626977874547493,0.43764207173256275
1119,618,-1.7138395952732326,-0.49422061035735054
1120,794,0.43048520215179553,-0.8319726689344678
1121,585,-1.0719548481307672,0.695492221722546
1122,842,-0.16599195281774093,0.32471707712299325
1123,482,-0.6942374482486571,-0.5831787155041734
1124,6,-0.482734798542566,-0.3077897834469816
1125,180,-1.4788572124854942,-0.1715986893317436
1126,907,2.953207043524381,1.4434152315955626
1127,315,0.2817706195669557,1.1204824519248524
1128,292,-0.6528640082893084,0.39474960397747283
1129,229,0.08524551225654568,0.42395541417061616
1130,685,-0.3331684230162026,-0.14291292399199185
1131,226,-0.3753717236340932,0.22979353150738446
1132,956,-0.8862893413858194,-0.02401402694994273
1133,275,1.340954721043858,1.5859526281954686
1134,205,-0.3033756549362082,1.079269101378806
1135,321,0.6439804561835988,0.6351775217837418
1136,756,0.9478678140355684,-0.08647520721609883
1137,454,1.1553061715035116,1.8308396614640459
1138,131,0.23927119958843265,0.518746660916256
1139,891,2.682795972928132,1.2628798938888255
1140,48,0.3620900866041589,0.039604663926634115
1141,24,0.25134668521697995,1.029809371134935
1142,283,-0.446834033855142,-0.7633510289452725
1143,154,-2.5794942511449808,-2.9600454980032094
1144,508,0.5014798517492319,0.08765012032579218
1145,812,-0.40318137566689405,0.044193534174990445
1146,673,1.394971649201658,1.6344217762130198
1147,659,0.5156641501642597,1.0272504020657118
1148,773,-0.34118333227400405,-0.5993348495908852
1149,193,0.5524362202545786,0.663054738609014
1150,132,-1.4785714335817826,-1.7861557547424791
1151,686,0.07493468517830096,-0.3047008878322601
1152,957,2.6086013491343616,4.506224769909467
1153,521,0.45887950593150917,0.018600734071816637
1154,73,-0.5934493058142041,-1.6726933234544006
1155,641,0.7161500507117591,0.9390215256943772
1156,368,0.4585483298900471,-0.2530619767973678
1157,800,0.49400113123326816,-0.34494389607765813
1158,313,-0.16121998422832395,0.2428264770227365
1159,756,-0.35368758607785655,-0.3799380839316988
1160,170,-0.5629063286924118,-0.19238444970074986
1161,342,-0.5284482770055543,0.09609076469022523
1162,972,-1.1108565969085213,-1.4917642266301463
1163,209,0.23195533701265503,0.4252083040917522
1164,385,-0.3265503625168394,0.378993940531571
1165,591,0.4819628861747284,0.43747951465988283
1166,108,0.9076166047279955,1.9569237822874015
1167,453,-1.2858031343778609,1.3992985290983724
1168,586,-1.457688358994714,-3.608339253304926
1169,560,0.9131206409918776,0.7282694835275663
1170,58,-0.9474967281810937,-0.5246430736334323
1171,696,-1.2713923718639026,-1.8745326117107808
1172,575,0.3201217129070112,0.5572494934420313
1173,142,0.18268438690257133,0.8863984007885942
1174,171,-0.22591743091673866,-0.8982264362393428
1175,265,-0.1651135511715644,0.5725814623026653
1176,920,-0.8076377487516571,-1.36745195421444
1177,265,0.1840366120134064,0.920909352488757
1178,374,1.0762451895698246,2.7704719873031416
1179,353,1.8380652547204004,1.4396557484632764
1180,733,-0.5544700345842241,-0.43332819064890693
1181,568,0.5885293145414231,1.3183797997814568
1182,682,0.34046345693091007,0.25132563043035366
1183,464,1.888060972543455,0.927718316472002
1184,849,0.32635315042263163,0.14524178109969466
1185,552,0.8999070942993919,-2.0168242394835416
1186,475,-0.25425329264629104,-0.597146362205069
1187,85,-0.11722371930157684,-0.23328783793287178
1188,902,-0.8785960888972252,-2.9291047760782822
1189,913,-2.2118172779902294,-1.5532929851482677
1190,631,-0.565480095460416,-0.9772296596643473
1191,436,-0.9605316532625718,-1.1877278121109023
1192,406,-0.819710913635204,-0.08954275828129463
1193,761,0.23316735626106633,-0.7009742912849718
1194,391,-0.4454142721326564,0.3771668223088164
1195,223,-1.8079365885946501,-1.5304690658977558
1196,921,-0.3535915883916104,-0.4939465268964808
1197,757,0.3602628300325686,0.9778368790671546
1198,553,0.21371166660853827,0.0893487994269162
1199,277,1.299778560780139,1.5568198633023953
1200,695,0.8669902831052976,0.15161254072744143
1201,802,-1.6489075302657041,-2.5299373425181955
1202,335,-1.5236775473665518,-1.62730469074946
1203,279,-0.4245999137848823,-0.45144518176919346
1204,33,1.7113503261001592,1.3205550404203719
1205,445,-0.4895835466250779,0.4019880050969233
1206,594,-0.284384413139692,-0.4233712661465924
1207,747,1.7824820442755143,-0.7615540798113654
1208,544,-0.44754724750696884,0.5943990315412069
1209,705,1.1897159969061082,0.05281814348521474
1210,532,1.1816763706816715,0.9591359907952115
1211,722,-0.7034779905512506,-0.7475650587016902
1212,77,0.2394399759961092,0.05716187599174438
1213,61,-0.509128034154347,-0.6267390535038726
1214,112,-0.9147991911954122,-0.6372138524427191
1215,407,-0.2634485995084626,-0.05979189547872431
1216,317,-1.388569726512025,0.35951629602405216
1217,233,1.4419306549820252,-0.051671389688760144
1218,387,0.6976560609014482,0.2168592152052895
1219,713,-0.5317357467585139,-0.8752500468069024
1220,464,0.9452699015263137,1.0044407273557268
1221,10,0.7838460722718028,-0.21110141663260562
1222,866,0.11104880936194823,-0.3542791037733749
1223,824,-0.6899531912695346,-0.7561194935310951
1224,736,-0.42512282949523017,-0.35371808741710353
1225,271,-1.0545642718088828,-0.9887116816594277
1226,364,2.4979810028584026,-0.28409541610557143
1227,125,0.9173271837418819,0.475530831078786
1228,726,-1.4608180354790261,-0.01987850920301107
1229,541,1.4015436127894891,1.3422422445940718
1230,285,-0.6681980827459173,-0.07198418523226946
1231,554,2.0113717181585598,1.9735986797177674
1232,367,1.4863543864323805,0.27850859176086656
1233,645,-0.18004957266765376,-0.5267353067053875
1234,741,0.2658329943475125,-0.8060431357313819
1235,240,1.9318620614273054,-0.390293363517217
1236,548,0.5882031893595955,1.5150318435073684
1237,196,-1.334409875985219,-0.879934271796784
1238,91,-0.8892306797307467,-0.22196600700037017
1239,299,-1.412428431274455,-3.2861469451995524
1240,413,0.43582385215279323,1.0015452578425785
1241,548,1.7218934107565234,0.5965710818809159
1242,111,0.43244805949399123,0.8667335148360074
1243,530,-0.6783153809296365,-1.7144629618936786
1244,71,0.8562979627889223,1.7370260654260135
1245,985,0.2033625447393429,-0.10075290335183396
1246,84,-1.418101793464699,-1.8154087746529677
1247,718,-1.6829822520213489,-3.5630673140864424
1248,497,-1.7335130468874222,-2.8148486990459114
1249,627,0.24264638131072747,0.3959437003667472
1250,776,0.7359415064133493,0.8070233747893644
1251,229,0.23589865184509456,1.289894836267523
1252,650,-0.29012240135234435,-0.705725567839258
1253,222,1.8911960174906002,4.012271145543835
1254,540,0.0501402132156771,-0.5887524522806058
1255,580,0.23592504804953268,-0.5828172215960785
1256,759,-0.907375309795549,-1.26252224576157
1257,703,-1.5959176849382162,-3.294291490599985
1258,432,2.0019568603792943,-1.6741460424494246
1259,34,-0.43473061270371016,1.048190348410367
1260,480,0.10860512788220877,-0.25376332398469936
1261,775,0.1941679893366895,0.9895964198404223
1262,819,0.5555850683869525,0.6137611649227757
1263,6,-0.7583738522443112,1.5395875036413231
1264,5,-1.4150280150904626,-1.430016732695234
1265,830,1.046396696098674,0.2121459814091845
1266,593,-0.30775919986110445,-1.484548260303037
1267,334,-1.027817663437652,-0.2183649394325345
1268,551,-0.6996537768566915,-0.23933442094856283
1269,748,-1.3856728283585977,-2.6324509854590517
1270,50,0.7804701407521963,0.8560457209563771
1271,401,-1.226670349974253,-1.8206609703693046
1272,958,0.5252032257727707,0.17344715526964025
1273,926,1.7265003216363382,1.1359513716870904
1274,605,0.42307685440233883,-0.08913473711044487
1275,787,0.8337336840697142,1.2146483991270658
1276,14,0.16653169517747912,-1.1323772329337078
1277,745,0.5803196106569553,-0.31239073169288234
1278,30,0.5022529519189581,0.438535262438811
1279,931,-0.5540145931372951,-0.7224361457878115
1280,38,-0.9253976360354461,0.12735584015347737
1281,349,1.45287744726494,3.5239225072974794
1282,238,0.07571696700167733,0.5313315707799141
1283,245,0.9677076259938326,-0.7216578384212708
1284,489,0.8817581600866746,-0.5267826758138077
1285,886,1.7006084963289134,2.994166901036244
1286,243,2.6119878670205585,2.705822161694713
1287,821,1.8474094109239256,0.6775077741780203
1288,884,1.6341809481632976,-1.575019983142576
1289,270,1.2483660876231386,0.3395219023667517
1290,134,0.0693949769805446,0.08572422282420067
1291,825,-1.3779859961430563,-0.3655128348412543
1292,818,0.5845777610688836,-0.035452758876961615
1293,166,0.27134713741112365,-0.012805441416476479
1294,549,-0.19050006935969543,-0.2832984859796627
1295,509,-0.04580912074699735,-0.06147228629725576
1296,544,-0.3349593608987168,-0.16953638547708355
1297,28,-1.6042011210327525,-3.13561437992719
1298,822,1.2621250885816642,1.4076845854328504
1299,892,-0.2541906380011809,-0.07913460788449997
1300,187,1.026709899423275,0.2944432572438738
1301,511,-0.49287743696923975,-1.0070818488147246
1302,86,0.4209488606486013,0.231710444067265
1303,803,0.6469839786526889,-0.633202725211967
1304,448,-0.6488415020337358,0.004948852227233069
1305,473,-2.158042189622372,-1.7533907126620494
1306,549,-0.9078147619949384,-0.8273080388441605
1307,784,0.10233194393701932,0.6917083085614615
1308,739,0.5623362485133041,1.3155688007283852
1309,853,0.5683248889950435,0.6305424271963772
1310,819,-0.3713875597213847,0.5730920312726469
1311,211,0.537910889932487,-0.3770380736197452
1312,775,-0.8484606107097798,-0.9864370916115862
1313,259,0.93573533219367,0.8385169329688186
1314,687,-0.21327473046162082,-0.04077081605020272
1315,936,-0.2976678823274349,0.2603756321369116
1316,256,-0.5473463003636029,-1.166138624997118
1317,233,0.02027708175457548,0.4874740750325048
1318,533,-0.5021076792942385,-1.7214554679076894
1319,918,-0.4038276780766354,-0.20524158813680898
1320,402,-0.20339993353661523,-0.8679281037659835
1321,24,0.262024854673625,0.1299182957181792
1322,727,0.23346581933888266,1.6997563927941162
1323,107,-0.8460158236729889,-1.2966061932645638
1324,148,-0.3126619584195137,-1.331303744762827
1325,26,-0.483118448453483,0.09913070828335968
1326,627,1.5620444724436389,1.787720747297923
1327,802,-0.6484010655694495,-0.6398797075355412
1328,889,0.9975075937910913,0.10588980727064005
1329,814,-1.295344603654,-1.93700626879986
1330,314,-2.096778428674158,-1.5429405789187005
1331,856,1.431347634778247,2.6975156930689415
1332,566,0.5552664847829162,-0.8172168657499528
1333,615,1.3915721694920633,0.13683122540821718
1334,414,2.199098611015939,3.2276878303873517
1335,37,0.3198697429388867,-0.80994766156415
1336,899,0.36706798067053675,-0.09686804068932398
1337,378,-0.10989307753614365,-0.5368475135768634
1338,174,-1.4171780494033783,-2.2691048672989655
1339,94,1.5864028871464462,0.45151773740027457
1340,892,-0.6817905891665682,-0.5928774007564219
1341,386,-0.8659470016364437,-1.63627576786872
1342,266,-0.49350698692406486,-1.147365642518873
1343,593,0.6721496931909001,-0.72867203103879
1344,217,0.35382628803212507,0.2357269310075683
1345,893,0.07876805508598965,-0.4016202345420848
1346,97,1.0034918776765196,-0.013578707740391438
1347,488,1.966250690309965,3.2315932805795216
1348,558,-2.3561615695105975,-0.44439780171120097
1349,708,-1.751793373491732,-1.831845162911048
1350,872,-0.35767931030300626,0.0761510794669196
1351,257,1.7925809975548097,0.6848103441210045
1352,595,1.2604112098188545,1.9639204054404076
1353,246,1.9616374255964546,-0.16944744165985648
1354,106,0.39351620067547677,0.9975499112338275
1355,98,-0.7310856120063138,-0.4950525684059921
1356,791,-1.1205283996048812,-1.2349145630297138
1357,154,0.5835236285564808,0.6416789240402808
1358,140,0.21858525885515945,0.016627323287301182
1359,959,-0.502143517968862,-0.5371544763126188
1360,447,-0.5325969078838599,-1.0467935903762313
1361,216,-1.155848331988807,-0.27726938344213037
1362,128,0.015365704854924993,-0.3104595358900477
1363,164,1.3920803289785078,-1.0631393205823203
1364,231,-0.056487754800462794,-0.00026113399433431994
1365,939,-0.9732819706005873,-1.0610411611175716
1366,936,2.022606783670147,2.2064407087313915
1367,754,-0.7804594211872253,-0.059249335447737916
1368,274,1.5544356283496212,2.37262482390798
1369,965,0.10916730890034713,0.14010501799835098
1370,361,1.3140990394138916,0.6650268212815708
1371,287,0.8763221063011655,0.8026944209400326
1372,914,0.22456173543915278,0.7371410211855164
1373,138,-0.20845724077421682,-0.012912689256475707
1374,710,2.145564527839758,-0.3175712846792809
1375,974,0.37968828547967415,-0.7653287279596985
1376,893,-1.1859641334597084,-1.7002966179291543
1377,852,-0.8927111801852545,-0.42193729608812636
1378,354,0.20952442966453497,1.2902789346569126
1379,142,-0.11332515194497107,0.42562008858844996
1380,436,-1.5136768655079775,0.7371758276637859
1381,872,-1.09637470274609,-0.7271503058820152
1382,951,0.49863131807605093,0.06432815162279848
1383,213,0.535586115731544,0.6835353365679313
1384,705,-0.6714853454790952,-1.3745355904274317
1385,421,-1.6803478046351434,-0.508953377169068
1386,624,0.40577745722152686,0.12815448618203762
1387,614,-0.197612196915724,0.09334577978267936
1388,623,1.1210231504830404,0.797776511640159
1389,603,0.33812955568940994,-0.8962688635075531
1390,328,0.5604432168621599,-0.06179260305947003
1391,213,-0.2183618683603365,0.5861193020688663
1392,263,0.47197098457805553,0.4502467640533264
1393,190,-0.8510482016484626,-0.6059090156582105
1394,349,1.3768108464572646,2.0264055103993743
1395,370,0.49938204419213156,-0.06802914373324748
1396,769,-0.5685061054491498,0.13565151230128644
1397,185,0.6121035631541795,-0.41802320626129025
1398,625,-0.7552210063182413,-2.20879591385291
1399,728,-0.9342399598092352,-1.6858905459228195
1400,632,0.6677083123610893,1.5801099190141248
1401,737,0.8029269728531414,1.5179701443977396
1402,742,-0.40399803548007085,-0.1632738099887499
1403,637,-0.7098369325858779,-0.9533919751782574
1404,661,-1.2685326174806368,-0.5135054903435088
1405,543,-1.0615194630523557,-1.6656278846772725
1406,71,0.43489763315806307,-1.1055918490689298
1407,483,0.7188631268452542,0.9204779827938527
1408,513,0.4138194791526253,1.206198285662306
1409,267,1.5701865362092045,2.4893144986562903
1410,955,-0.18833686055866752,-0.14823913066144367
1411,99,-0.467957715596829,-0.30030092450994444
1412,289,1.474395066809404,-0.128859571599789
1413,72,-0.8442996689374093,-1.2855766521606633
1414,684,-1.7888708031252352,0.6149222286446483
1415,854,-1.1884174538427243,0.6539422717468484
1416,321,0.3625602409618381,0.21036070131584417
1417,849,-0.12670816069471647,-0.2866206528578309
1418,647,0.3574163988358185,-0.7113487535298912
1419,591,-0.6227134689819902,-1.2543907004579142
1420,997,-1.154951091108516,0.6280807927257512
1421,880,-1.118869792135641,-0.9309907125952487
1422,700,0.18945244779451365,-0.7421793053346235
1423,717,0.2832784785492482,1.1758492756289372
1424,439,1.2584070548278674,1.9490079421492508
1425,238,3.033961676089686,2.1960949990147185
1426,823,-0.007753395868950518,0.627668001901365
1427,763,-0.8168551715628019,-0.6836310040623389
1428,562,-1.3628704034317476,-1.157597424529199
1429,314,-0.7295062056223435,-0.481120634881959
1430,878,0.2608165945046623,-0.9522943255735212
1431,976,0.40351576612778156,-0.6252565326825478
1432,652,-0.12662642467117394,0.36913003689267293
1433,904,-0.86469996444971,-2.030644155946454
1434,309,0.4255457310910528,0.6833488107445813
1435,748,-0.043709306573911956,-0.9453170601703027
1436,851,0.2104701919015916,0.755124037907679
1437,765,-2.1492840241854694,0.22044411990148643
1438,622,0.646868702122594,0.8564019315245871
1439,585,-0.011879832555542185,0.2215227940863504
1440,916,-0.11912004539933625,-0.8353783483891716
1441,888,-0.0789494200464221,0.33122590617899744
1442,235,-0.40181438190480956,0.019317490559209685
1443,446,-1.109797982947832,-0.5147385603841761
1444,357,0.41818549406658256,0.053981442785076716
1445,611,-1.9468666311663545,0.7949350555907131
1446,688,1.0472292847956135,1.3072629981030532
1447,977,1.3475806256945706,2.6616544683772743
1448,613,0.525336930962246,-0.3425279191193924
1449,332,0.8667383615557065,0.49797704813818705
1450,636,0.02079832911753455,-0.0543783146891186
1451,667,0.7985929119426028,0.35050580645426477
1452,426,2.0613539285703655,0.6802473704342055
1453,431,1.5551683132362653,2.0393818312953145
1454,642,-1.6708491022107417,-0.9973256093616102
1455,374,0.9664800439082363,0.40569037468224545
1456,366,-0.1404399441197782,-0.44078775316052277
1457,418,0.5436595481235361,0.13216925438756297
1458,636,1.4894383428902287,1.7737407204843934
1459,135,-2.3452061002142504,-0.04148759331379884
1460,574,-1.966743960586086,0.4997802805200826
1461,858,-0.022828274647132166,-0.1861016974510782
1462,670,1.8417030074924527,1.3885511349405257
1463,56,0.3681953302380232,-0.776696123672809
1464,388,-1.2515412644802502,0.7101256228086548
1465,254,0.12898648620503325,-0.6720327064295668
1466,230,0.7919611490731319,0.7902843386385855
1467,647,-0.6938740923842152,-0.880616130461356
1468,248,-1.022806428069241,0.7409786771727496
1469,546,-0.030847552947466852,0.4781413673748407
1470,776,0.34471514853339996,0.606153757427312
1471,224,-0.627630690256906,-1.449779918490155
1472,649,0.1355063000341706,0.0757862507605819
1473,934,-0.8022067858555788,-0.1318495738688634
1474,837,-0.6736363769391096,-0.878884380532219
1475,69,-1.542692832211778,-2.4702384043705226
1476,900,-0.27479541738540303,0.39127067436847285
1477,984,0.1574768057004053,-0.11612450197718899
1478,329,-1.968231975945312,-0.5670583005101938
1479,344,-1.3439361566362444,-1.9457235719936807
1480,440,0.031226046463136384,-0.3499280843627328
1481,190,-0.20765884153555342,0.4494970636666665
1482,261,-0.6975837740244011,-1.0078524695838704
1483,860,-0.5530650738101559,-0.705756065186911
1484,867,-2.1949558269387626,0.9569699616663297
1485,685,1.4751251310324887,3.0876079237616034
1486,81,0.5072413345872813,-1.1237053376026798
1487,884,-1.307530804712692,-0.7115658629737868
1488,697,-0.736054935239769,-0.19137320505585137
1489,912,-0.49824102384802554,-0.16418653055023738
1490,394,-0.1322242939477004,-0.6776707911286672
1491,131,-1.1940336626529986,-0.8702540482726043
1492,994,1.0196245265206203,0.599582119830379
1493,803,-0.5979708694472486,0.16959718655569261
1494,150,0.810273968080486,1.010700172331785
1495,649,-1.070935599667433,-1.1603235382855772
1496,942,-0.5867103687404046,-0.41813549143741635
1497,39,-0.0422690403936094,-0.1397762085382505
1498,937,1.713284957130132,0.005136341054954908
1499,212,0.5608152140955539,0.9442516576751872
1500,198,-0.061984472589872344,0.08586816218275756
1501,179,0.16027138672945873,0.28889236750429265
1502,637,-0.07039218104762407,0.13097698120786036
1503,376,-0.13081696559090308,-0.3606251666223602
1504,278,-0.747175602535327,-0.772967967760079
1505,65,-0.9080591153788928,0.035704251040337254
1506,528,-0.3315933830957208,0.24470814815375713
1507,847,0.15524055340274767,0.19047971539420866
1508,580,1.5933325550860002,0.44651925150332805
1509,157,1.5119394396486714,2.1444488423815997
1510,295,-0.4700453008087677,-1.6214675412198956
1511,790,0.4940177549920955,-0.45182179829023633
1512,390,1.103749211100991,1.0910174091463365
1513,896,-1.1041025187660312,0.024830666129047524
1514,721,-0.9522243258082953,-2.827341789619743
1515,583,0.45840156651278224,-1.118221863329039
1516,124,-0.7639252325846401,-0.8090206353174696
1517,100,-0.6137795423459043,-1.3017300692464562
1518,848,-0.6395171051686335,-0.3912291142232214
1519,578,0.03967514771979767,0.742648443686972
1520,935,0.6869303312654603,0.2735254984544674
1521,586,0.7699585249750648,0.6894075322791169
1522,276,-1.9349494647588497,0.007962951338547106
1523,468,-0.8785036153084751,0.04524892019135256
1524,376,0.8295612475110827,-0.08221011265502678
1525,237,-1.4219031402490019,0.43893387036839854
1526,933,-0.48165843532749064,-0.9203998157155181
1527,478,1.4228726845251836,0.9356465658577582
1528,363,0.20100229562946015,0.9721692527192303
1529,576,-0.24236965627323653,0.11823410412133498
1530,628,0.6312877724838177,0.8487860608879327
1531,981,0.022331112334906932,0.08685082732581315
1532,57,0.1612328792329043,0.7830258153923731
1533,46,-0.252659929742447,-1.019764482177829
1534,810,1.1301235571365942,0.4891610921831703
1535,143,-1.0661734478100968,-0.47367797857918803
1536,278,-3.5338893669572236,-2.284921027075467
1537,303,-0.016356524538720173,0.3721227799340064
1538,241,1.6009255717724034,0.3799161696758484
1539,91,-0.6022892782338202,0.28363112869190743
1540,576,0.13080838945857107,0.45486796212411507
1541,467,-0.8940199511355494,0.2903990231931112
1542,327,-0.3959991929764486,-0.464633351933047
1543,280,-0.3550381705681258,-1.2066579892577667
1544,686,-0.8708946336750695,-0.6791623399861545
1545,669,-0.8846598526038677,-1.0379207185563613
1546,298,0.8205031099405903,2.1875905658701265
1547,502,0.8870163799653198,0.8829680375089759
1548,364,-0.8337989431858487,0.18592617258046956
1549,898,-1.0863624741788585,-1.9541029120608464
1550,811,0.35047631639883253,0.5411516929514535
1551,753,-0.5363777677766371,0.132966221625606
1552,835,0.6804700548717485,0.7673690373044756
1553,389,-0.5548442606196125,-1.6126721153013905
1554,250,-1.3564058607133145,-0.861157723549471
1555,297,-0.6196191580110317,-0.7143824591583934
1556,823,-1.0983324246991961,0.7741817123436732
1557,205,0.6514278511162493,1.174508419991052
1558,174,-1.0998805028638643,-1.6252083862535789
1559,523,-1.1682847308731275,-0.6213612482642972
1560,393,-0.9196745518460593,-1.2096734330556334
1561,315,0.4271725333810818,0.23362394544610693
1562,807,0.5510966081244757,0.1451740461403697
1563,653,1.2319980434059759,1.3363968593630378
1564,887,1.524952869963565,-0.5084156959566712
1565,757,0.7549810927581597,0.6723350876106503
1566,118,-0.7314309635877906,0.6280547263011256
1567,323,0.5573747240470669,0.6280520726454114
1568,518,-0.5234123721190206,-0.3763768983719483
1569,992,0.31812600229015775,0.19334609383959955
1570,855,0.7858530731308433,0.25828741197524646
1571,319,-1.5174332239392625,-0.435931108686688
1572,790,0.828783512687846,0.861570241988049
1573,979,0.20454182769039878,-0.16222230296182666
1574,762,-0.004947086668864784,-0.0011543908908492329
1575,526,-2.3126992368287174,-1.0669224257096748
1576,108,0.10926448799746684,-0.3869365222698293
1577,158,-1.0141430409853447,-2.08694110227424
1578,536,0.5092042868053638,-0.6290955984743267
1579,330,-0.3324476830999054,-0.22961391893337635
1580,123,1.8413561476773435,2.8309504154528975
1581,840,2.0841963278776876,3.169174111497136
1582,648,-1.220890911623356,-0.3237906614300619
1583,127,0.14151831343755975,0.43406057350713617
1584,339,-0.3069629126981559,-1.3568285759620546
1585,827,1.1065235886195035,-1.262635342996367
1586,83,0.789616604648697,0.32448673856236415
1587,485,0.43119451707341244,-0.14929533198442285
1588,241,0.7073096718589076,1.9942512233644916
1589,990,-0.02457023192478693,0.41560422020353616
1590,486,0.40397295222006463,-0.19254490842572203
1591,903,-0.6934943372188526,-2.6571807174499957
1592,550,0.36306934759255544,0.06758347424104172
1593,79,-0.5197789156487176,-0.866544136617727
1594,382,-0.8405727499511824,-0.28730398835530896
1595,702,-0.3063988971072618,-1.028636027959827
1596,540,-0.9903413489575611,-0.984436013148429
1597,82,-0.7579436178254552,-0.5684800419732201
1598,487,0.8848108427651326,1.8680721396714237
1599,403,0.8862420362188954,-0.07430772412738665
1600,457,0.08164080844813378,-0.12602742182437487
1601,323,0.356491419505349,-0.3084214964403151
1602,505,0.12797231577481105,0.29322033811459797
1603,0,-0.6227697499892576,0.5400783851287043
1604,268,0.3360368183012691,0.8883897699566612
1605,113,0.5961530154132314,1.6749658513761831
1606,295,-1.4154296245287472,-2.94235124630389
1607,309,0.31627096637467716,-0.7381365935745934
1608,110,0.6824647543560415,1.1663519830130344
1609,536,-0.5585729148230419,-0.6795082207062413
1610,778,-0.858213542456277,-0.7480101875969389
1611,224,-0.38131800145910005,0.2625816508172637
1612,666,-0.5945851384620753,0.9840720955865201
1613,95,0.056855770643169365,0.6879012932285773
1614,875,-1.607963144773615,0.5043180022035859
1615,425,0.9670180189237042,-0.6744619381364456
1616,782,0.3018121979486266,1.7459406978273286
1617,409,-1.26987046472572,-0.8147187621608905
1618,161,-0.4023850723151726,0.764797610923418
1619,507,1.6237149264633208,0.6209429339092793
1620,942,-0.6742322774184519,-0.5605300558514572
1621,795,-0.27578062663148084,0.02660065447694976
1622,596,0.035915756969152605,-0.7262844681670337
1623,982,0.8220725156261589,1.547594084107174
1624,346,0.7370174675086221,0.9733120350957731
1625,186,-0.9035272842179258,0.08629791001619146
1626,133,-0.538672289418069,-0.008413531511772813
1627,813,-0.07058697683040581,0.0364561681086209
1628,338,0.6254002898849043,-0.6751464675880641
1629,765,0.41378593511017925,0.2658021398564604
1630,379,0.6113980518121545,0.6276343624358212
1631,132,0.8248368780731326,-0.6100387622978963
1632,793,1.0241241298160375,0.1682928255025713
1633,525,0.13674764422590624,0.9457876414183286
1634,985,-1.7340306748066565,-1.7824607344728842
1635,419,-0.609082063885561,-0.0663456021172648
1636,384,0.16577270702635555,0.8878242446466422
1637,65,1.1106691267475386,0.3284196920328882
1638,463,0.30550383101246986,0.9866458795575446
1639,95,-0.5917102088804023,0.1377675120495993
1640,285,0.21098478199675746,0.5439196020772497
1641,17,0.7884271901029442,0.2472943940413571
1642,571,0.360979757454872,0.2517145232187762
1643,30,-0.0974651470485198,-1.0314144066491266
1644,474,0.4085318871169488,-1.0170729290758314
1645,351,-0.8185944280041106,-0.4348469742438021
1646,502,-1.1586379429602303,0.010976506320205998
1647,12,-1.2354341590552973,-2.275694912002332
1648,604,-0.0360383238219682,0.697771710225086
1649,1,0.3789180881293493,0.03325647044370844
1650,725,1.1096455733767134,-0.5990947513294205
1651,947,0.4194648813447926,0.023355339297149377
1652,909,-0.328348059534858,0.5714708374280895
1653,389,-0.9531813467305077,-0.839434970255003
1654,813,-0.7460710400891973,-0.8355732567536083
1655,344,-1.3539176693609718,-1.2401940493815837
1656,783,1.463928245695148,0.6869571207776146
1657,939,-0.07792135480000496,-0.30340321200003095
1658,87,0.4723405379916188,-0.8062762745164537
1659,960,0.9676639834884438,1.4439879467813614
1660,145,0.009389392798880514,0.6896317095246295
1661,173,1.75938053226114,1.3039859052387803
1662,880,1.0909716663593505,0.4776890604349675
1663,717,-2.087744457986807,-1.2897949509200117
1664,189,-0.3073638665517835,-0.4864272624726997
1665,123,-0.23578172975334816,0.24992499978048383
1666,606,-1.1569569605969536,0.4496184353179546
1667,764,-1.472400415302388,-2.689116128786102
1668,498,0.6363367228344923,0.38175581232867745
1669,954,1.003049436478813,-0.19475392193624938
1670,167,0.7246854995176849,0.6189896728601089
1671,11,0.2785777434163004,0.27341538081871997
1672,68,-0.3351328328651189,0.18837506938721213
1673,760,1.0428914367056168,-0.24352745595094094
1674,141,-1.1131403137617513,1.4289665431361052
1675,76,-0.7563538884914148,-0.9245252182822372
1676,724,0.5040904642448724,0.5242380412082176
1677,654,0.23995904582955455,0.7767025580289658
1678,495,1.466516721594686,0.7848069747302896
1679,84,-1.0600626731781053,-2.123257699056421
1680,78,-1.3461726840058497,-0.07590705990973969
1681,503,-0.15413268636914837,0.4576562762169985
1682,599,-2.577811685578427,-0.5052965475357382
1683,7,1.2276296937339037,0.7132297190757926
1684,953,-2.491801504424298,1.2626856399041377
1685,610,0.12325368743978797,0.4252812275971289
1686,951,-1.7694142229155037,-1.1863011280793248
1687,473,-2.4025823396505706,-1.7463003443103569
1688,566,-0.00902004310934171,-0.9571961625237484
1689,310,-2.5489535838752007,-2.1507359246882496
1690,640,-0.2814216756875072,0.474418053473719
1691,121,-0.7655324371538272,0.3456646677412732
1692,256,-0.2855801207346222,0.13329605632907382
1693,984,-0.806444957140056,-1.2762503672548422
1694,149,1.6121507721230606,1.986186941786751
1695,491,-0.5012306329725483,0.9162698968831319
1696,183,-0.2519462516244091,-0.2583633596668471
1697,712,-1.1089688380952456,-0.2992630236727498
1698,329,0.8435481933227446,-0.5865929195899886
1699,858,-0.10618605078755704,0.8446384373480121
1700,895,-0.16509301640088292,-0.06571962039224608
1701,547,-1.0088819169000005,-0.41002167206010137
1702,377,0.48259827740110306,0.2968458460171351
1703,518,0.5342180283970187,-0.8704671363672933
1704,438,0.30118299698678536,0.013101086938215073
1705,208,-1.0734983816756698,-1.9342323236157652
1706,719,1.210852527948114,1.36743320157618
1707,609,1.7923142912699341,1.1583066990517676
1708,698,-0.32721944993149876,0.67068336986662
1709,192,2.4794932436897614,-0.2781406208313931
1710,425,1.8171254893417061,0.177756230879561
1711,410,1.0181485383869273,0.7018072828952313
1712,926,1.2983625123855704,0.8732784468465044
1713,797,2.6668288028667924,3.3706759570968474
1714,938,-0.756981105744469,-0.282518540111908
1715,219,1.633999014020503,2.12027474805003
1716,288,1.0042050749485452,0.8766769995576917
1717,822,2.046971439223819,2.4589171810523847
1718,195,1.1249592344747108,-0.7420789362825716
1719,3,1.885766606617785,-1.1041111619023367
1720,995,-1.1098312184353545,-2.66735190445784
1721,460,-1.0076472522588775,-0.35817193416450055
1722,175,1.804833203600428,0.696518709808422
1723,175,-0.7562717070448746,-0.8842822558945846
1724,387,0.24854716251329143,-0.09883103107092739
1725,92,-1.4312420097937328,-0.5449632595039885
1726,422,-0.7142312953306154,-0.19227079637613514
1727,506,-1.001347839581645,-0.7958123360873454
1728,703,0.6197982777181323,-0.5148421364808611
1729,901,0.8801483631308129,0.47108977261655577
1730,665,1.6209457673924508,1.0785652527252307
1731,275,-0.3742227636814504,-0.5389878342903732
1732,408,-1.5276580753800753,0.23429186448901118
1733,104,1.3002577819328598,-0.06487549794823315
1734,180,0.10030217359101663,0.2865794168458019
1735,537,2.179199579466569,1.3555491082303586
1736,943,1.3239170074435453,1.2544275157587297
1737,466,-0.040166885600546647,0.012315253973903567
1738,600,-1.7576454411877105,-1.8717980712750621
1739,800,-1.4517149792607194,-0.23066280694474423
1740,998,0.19796795825138208,-0.17860596801264175
1741,248,0.2909862169986394,0.18674230589266194
1742,363,-0.18585508360857153,0.03559365628510669
1743,483,0.5408317914313635,0.5522995053634748
1744,397,-0.21611765114219242,0.5789874888510959
1745,656,0.7606470209014924,0.8504820211956622
1746,341,-0.31843360047611935,-0.8396460633107542
1747,432,-1.4600171207573738,-2.8952317202561373
1748,590,0.28278804275503006,1.1279001485922848
1749,27,-2.111701058917233,1.4452872919316828
1750,516,0.8309195256430265,0.2859446157471756
1751,639,0.324821313605803,-0.3114935288942629
1752,139,-0.12637762952880927,-0.8386131574329151
1753,598,0.17516371235181474,-0.12804282889542193
1754,600,-0.43286319627543446,-0.19030380005967965
1755,427,0.028211592491848764,-0.5780136409164249
1756,368,-0.28556081871351613,-0.6836997965453319
1757,0,-0.18190484154249528,0.5661773958144583
1758,619,-0.7332824278027991,-0.7209843477294268
1759,215,-0.13017130663149262,0.1293393356059723
1760,475,0.182521569230905,0.1362420812818185
1761,806,-1.9268473582631391,-2.45254320076499
1762,992,-0.06773392818387364,-0.7376502895268329
1763,96,-0.3122880026260863,-0.5238071856210549
1764,337,0.06812094690585674,-0.22221698415984284
1765,405,-1.0816664239428215,0.47920919446180854
1766,51,0.8817472242472227,0.6111089084532643
1767,102,0.041823407589882,0.1309722903044574
1768,538,-2.0153077624512696,0.0167859838064963
1769,881,0.545191653823977,1.3304522801269918
1770,978,-0.8795248803263133,-1.064205014818326
1771,55,-0.9126158292995645,-0.3899535445721124
1772,426,-0.4701591057422516,0.5876064242694414
1773,52,0.7349893151481991,0.8623618145912241
1774,928,-0.24818721557152565,-0.4396640426290766
1775,784,1.3821336051001882,1.0828665595213973
1776,334,-0.19842959672560276,-0.21717952014594444
1777,118,1.2638875894924395,1.1521660882723206
1778,231,0.6883434332481944,0.7810367227741091
1779,878,-0.4292812526609107,-0.6824625356357698
1780,652,2.2740631710587844,3.0172543238216156
1781,293,-0.8320866268390832,0.7406738826502874
1782,43,-0.13701082258162092,1.0607055656417772
1783,437,2.0092422876162854,3.5398861808485385
1784,988,-0.17106457784722512,0.07550325769990113
1785,772,0.18409613078199252,0.40009825131046184
1786,144,-1.0819681220343387,-1.9146928357853492
1787,709,-0.22803222700253303,0.14127217064672778
1788,897,0.1204570701291303,-0.4567911609560296
1789,829,-0.5454044504037558,0.36334537929285865
1790,117,0.8745487004247308,0.7203948675177041
1791,25,-0.4531276821741263,0.5613450823471917
1792,862,1.142253451533816,0.8789015313214295
1793,597,0.15872530956130543,-0.5994849156233043
1794,557,-1.5309925305516856,-2.159824685701145
1795,477,0.6161492405370201,-0.40042641255826905
1796,678,-0.9736256591569279,-1.0558459894656795
1797,735,1.2561285993581501,2.38946074883287
1798,210,-0.6053573105275606,-0.5866569440727611
1799,260,0.5493902760828283,1.2685888140237376
1800,786,1.064316415388355,0.4864378663190353
1801,44,1.6598914828921003,1.8695081503639042
1802,85,0.8750494021622829,2.142659411685615
1803,915,1.0430399149601133,1.0926966207108644
1804,975,2.541378056309658,2.6974784336732003
1805,588,0.6132554863682482,1.7833231932116753
1806,592,0.6120260375344332,0.8930666910908547
1807,94,0.9504073085787371,-0.023636808445223423
1808,702,4.039541755703726,0.6081953517531118
1809,200,1.130789287378642,0.9175625247785477
1810,999,-0.6690040551664893,0.755504388173843
1811,401,0.770065724770759,1.440804965603262
1812,35,-1.4041107017717054,1.1941770763840551
1813,217,-0.424414522615402,0.1417596350556763
1814,58,-0.6011156612404599,-0.2832866591927784
1815,394,-0.6673024634367187,-0.4267105745328271
1816,403,-1.2166746327259137,-1.8543517024949108
1817,695,0.23908131293841045,-0.9604995752484082
1818,750,0.11030051448917079,-0.046233927395762986
1819,662,0.7932994514692999,-0.11691704035158242
1820,197,-1.0983481447291756,0.2768257140016853
1821,907,-1.9637278391582689,-1.3493026171056173
1822,400,-0.43726685147195654,0.24169857865156713
1823,9,0.7905145453902589,1.6176070271719176
1824,664,0.47333726099180345,0.1514650701059378
1825,770,-0.633121623980756,0.16491281210920725
1826,462,-2.068805445632518,-0.7530040734257462
1827,786,-2.005874872352066,-2.545885636981864
1828,102,-1.8142117782390972,-2.4215596297890736
1829,683,1.685307807059528,-0.7368710081136647
1830,587,-1.1997643752003764,-1.2487473850297268
1831,971,0.4537366918355489,1.7996546935816147
1832,820,-0.8919089610061169,1.185722556371396
1833,67,0.48729527793291194,0.7916118021957302
1834,291,-0.253353951517349,0.35196316832645125
1835,151,-1.110343337149415,-0.9048005544851363
1836,662,1.3507790277324807,0.9908319246580746
1837,667,-0.5725411131780132,0.014538789594252708
1838,854,0.6888651525021044,2.4713542177989036
1839,668,0.4994207112588282,0.7220419656964405
1840,607,-1.951901917582482,-3.2157856287106252
1841,462,-0.00408506269307628,-0.4212928881477985
1842,694,-0.9385726134766236,0.45817969066149067
1843,874,0.6152978308130506,-0.4643182239017819
1844,817,-0.7422570761149015,-1.2925229810311036
1845,448,0.016559213863009146,1.019283018153493
1846,281,0.948786453153923,0.4458532454607177
1847,917,-0.8577089996778479,-0.7854361986923668
1848,288,1.2315603537572357,-1.1416637432565317
1849,982,-0.21879613387351532,-0.5059781319215548
1850,377,-0.9057428996019251,0.31923839882005234
1851,404,-1.96165754755012,-1.7134159541472336
1852,362,-0.8892352865648036,-0.39846460946290035
1853,874,-2.7825074233516354,-4.568095360665732
1854,371,0.27010976721863744,-0.2667668477126078
1855,997,0.5640390643657142,1.60236653459908
1856,896,-0.32424172025479364,-0.5330607144724009
1857,373,0.26480650128122246,0.13670075127264286
1858,209,-0.6724685420215998,-0.5266736212845766
1859,308,0.20761530514802837,-0.7208737918541508
1860,54,1.993014086900002,1.8704408693109886
1861,79,-0.5709302976828831,-0.3889116026779745
1862,745,-0.6527923049839974,-1.028616734802842
1863,33,0.7071286237351763,0.5611213044333918
1864,80,-1.195482424287211,-1.3053857050803084
1865,168,-0.550861409030205,-0.4233308679667107
1866,105,-0.6864543132272156,0.22506663313431696
1867,994,-0.7157164229973324,0.7740366841539558
1868,310,-0.9192576483451421,-2.211307149209307
1869,945,-0.814908740284576,-1.4468754447327286
1870,928,1.9155790932593242,1.6885602642301647
1871,467,0.7183355530825452,0.6812784728713912
1872,277,-1.07062439076146,-1.0065197332173625
1873,787,0.0971750611661791,0.15341817788354473
1874,38,0.9064660422856164,1.5408870133544936
1875,354,0.9917432182317186,0.47892526114440204
1876,110,-1.8541475047390688,-0.08303801044493263
1877,450,-0.10132831316244484,-0.1784789858087186
1878,958,0.027676352320051313,-0.194871748961718
1879,494,-0.766933960082321,-0.7950701477148495
1880,414,0.4646283632721279,0.19017001177290965
1881,919,0.712258838552401,0.38988747059604034
1882,202,0.20363355818254048,0.2801390142719576
1883,885,2.692380185475582,1.5708149618777172
1884,178,-1.26152752705049,-2.2802561094957454
1885,301,1.1813760486760145,0.33995068294198344
1886,983,-0.8569032534449889,0.09617891008736888
1887,4,-2.5139043565186574,0.22598739066710102
1888,644,0.6190021137293652,0.7575788767044593
1889,243,-0.1274082459652697,-0.09773309161946464
1890,883,1.5045522820854107,0.5539053483095137
1891,485,-1.3761657976377277,-0.6826368953248958
1892,577,1.16806361439128,-0.5465052071374557
1893,63,0.41765116680982295,0.4245782107554374
1894,449,-0.46297330161625716,0.07709185514499098
1895,987,-0.10896174468115406,-0.46531321278890747
1896,384,0.35767093653033827,0.6720200148441197
1897,774,0.48210020757907945,1.0088596119565008
1898,604,-0.05888258176364783,-0.10329976733026346
1899,643,-1.3150210659777029,-1.201604025157609
1900,469,0.7038798376595382,1.2887712334781811
1901,572,-1.3181658983085531,-1.843215799197225
1902,899,-0.24473202056771917,-0.7776425657724597
1903,796,-1.430766241986404,-0.2951981912038094
1904,383,0.4738863886892063,-0.38421862429814935
1905,588,-0.193936369913381,-0.9017395971433464
1906,870,0.25889667246818804,0.3189898428450485
1907,444,-0.6843786337964806,-0.6498750952005989
1908,64,-0.7925021487790795,-1.545588120184064
1909,769,-0.23784644029812999,0.167382397075735
1910,107,-0.1099337242121552,-0.4109061212105814
1911,868,-2.019998990309777,-2.3683025577308423
1912,325,0.6067764448990485,1.0054177519744172
1913,393,1.6354038593311089,-0.19911554646138707
1914,970,-0.7193509762945073,-1.345499300596537
1915,664,-0.2541907259492615,-0.05444313710828411
1916,178,-1.7066295089229475,-3.2095749454869495
1917,653,1.5394538969709337,2.922354626293916
1918,938,1.1995317032320598,-0.7270507259383321
1919,486,-0.370364547703581,-0.46994963830595415
1920,843,-1.1890358925590978,0.346430663158444
1921,749,-0.8003868864881883,-1.0974130378440574
1922,730,1.6422232833426424,4.07693076346691
1923,335,-0.03911312785415251,-0.02720685552198849
1924,689,-0.4035174958782326,-0.8612921913041645
1925,722,-1.105502435925084,-0.8812304534139467
1926,601,1.3045068068611907,0.7197111439754548
1927,860,-0.6386601983845688,-1.0463621285758151
1928,181,-1.0614435380150218,-0.8838260870871506
1929,2,-0.09539948753146323,-0.052611378158044154
1930,663,-1.0769610543731585,-0.2804578003372866
1931,286,0.2377699709246359,0.11213646163184054
1932,489,0.7868761809492635,0.4638327289881992
1933,836,-1.0197731989600964,-1.0642817122616235
1934,728,-0.9040632767320609,-1.6591614972657789
1935,157,1.3702985326612305,0.25394015483757415
1936,501,-0.153840244420666,0.22447374354954724
1937,826,-0.3961642599444205,0.15025298995574612
1938,550,0.7371934857556188,1.3968969168174274
1939,274,0.35353521963044154,1.1384448384765438
1940,369,0.5850223820942854,-0.2663114022192885
1941,950,1.7773970559827839,2.251980423823046
1942,179,1.2505074720252818,0.560202284705225
1943,382,2.020937036112665,0.48264020092515536
1944,839,0.050551770728058026,0.5300883436798968
1945,505,-0.29933778001215977,0.7905625646272725
1946,730,-0.12107499839307276,0.11414302051617192
1947,894,0.9459241303206681,1.701592451459031
1948,683,-2.0118109145803498,-2.0848122829222917
1949,944,-0.2446344796512101,-0.1571922340526423
1950,809,-0.5253932278388934,0.19780030918145253
1951,54,2.111586755545989,-0.6107650322371821
1952,370,0.1719312733316464,0.6354500218867895
1953,515,-0.15110243966947318,-0.44775109100752475
1954,941,-0.10964922198070495,0.32317252258508883
1955,87,-1.173013290578952,0.009862647345740216
1956,331,-0.31398285599183223,-0.14292588123863584
1957,690,1.2539121756354177,2.125927732509563
1958,799,0.571555444635335,0.3799683097357885
1959,917,-1.4185456733426485,0.7192749934988927
1960,955,0.6324450122162496,0.3492272006805206
1961,867,0.6864800627493778,0.825713771019458
1962,249,0.3571387073562152,0.8466017467188556
1963,700,-0.8094719630697005,-0.8884991919170573
1964,263,1.5182904587902293,2.04284740647443
1965,206,0.6380810349682512,0.6616166196282977
1966,204,0.05417238596201801,-0.14551457959260083
1967,398,-0.041253420591992385,0.9130597994638657
1968,99,-0.44742899532321406,0.12166098742713227
1969,143,-1.6787957749685614,-2.2332454738695744
1970,915,-0.018636616804395482,0.39240183335671536
1971,412,-0.922892417128051,-2.142391437138287
1972,255,-2.292751108401796,-2.4261614555495483
1973,113,0.3106101701406429,1.1851002964487671
1974,230,-0.2596510748045771,-1.2843167705276284
1975,156,-0.42131533177555064,0.12632577461833738
1976,443,-1.7055328874089613,-1.6643708840457143
1977,487,-1.0913370598303749,-0.6742249534838001
1978,291,0.3760989120289745,0.23267382597778644
1979,865,0.9501989081035286,0.36779490066118725
1980,366,0.7011261075417128,-0.6298333697660434
1981,103,-0.9634900718812168,0.17067417760941278
1982,172,-0.015180061739913452,0.5854476145622282
1983,616,-1.1290467689415908,-0.6711832877330713
1984,405,-0.7850908877666982,0.2893992671539105
1985,671,-0.19995035896593338,-1.5927099822431958
1986,754,1.8688965259137866,2.034470672165518
1987,242,0.8635550209234676,0.16705782868670144
1988,503,0.697010605847584,2.2228182131354606
1989,986,-0.3440934055401921,-0.6027923693774464
1990,216,1.4707866412505175,3.4188782670063036
1991,320,-0.001743589468357844,-0.6345213759468549
1992,185,0.7721316457187525,-1.4081168226897378
1993,201,0.1103006093207301,0.7967879771870775
1994,14,-0.7921230127346887,-0.5957047122434735
1995,539,-1.2583116847924312,-1.6222979051024784
1996,39,-0.03874503907105854,0.6941121004578764
1997,990,0.790979854669315,0.2573462749887303
1998,69,-1.5564363983215992,-1.3710175627793666
1999,252,-0.8666816176615009,-0.9289170310567281
